"Sales_ID","Date","Branch_ID","Product_ID","Quantity","Discount_Amount","Product_Name","Category","Unit_Price","Gross_Sales","Net_Sales","Branch_Name","Latitude","Longitude","API_URL","Status","Content type","body","Temperature_Mean","Temperature_Max","Precipitation","Weather_Code","Weather_Status","Rain_Status","Temperature_Level"
"S001","2026-09-01","B01","P001",8,0,"Coffee","Drink",60,480,480,"Chonburi",13.3611,100.9847,"https://archive-api.open-meteo.com/v1/archive?latitude=13.3611&longitude=100.9847&start_date=2026-09-01&end_date=2026-09-15&daily=temperature_2m_mean,temperature_2m_max,precipitation_sum,weather_code&timezone=Asia%2FBangkok",200,"application/json; charset=utf-8","{
  ""latitude"" : 13.321617,
  ""longitude"" : 101.013695,
  ""generationtime_ms"" : 0.17547607421875,
  ""utc_offset_seconds"" : 25200,
  ""timezone"" : ""Asia/Bangkok"",
  ""timezone_abbreviation"" : ""GMT+7"",
  ""elevation"" : 8.0,
  ""daily_units"" : {
    ""time"" : ""iso8601"",
    ""temperature_2m_mean"" : ""°C"",
    ""temperature_2m_max"" : ""°C"",
    ""precipitation_sum"" : ""mm"",
    ""weather_code"" : ""wmo code""
  },
  ""daily"" : {
    ""time"" : [ ""2026-09-01"", ""2026-09-02"", ""2026-09-03"", ""2026-09-04"", ""2026-09-05"", ""2026-09-06"", ""2026-09-07"", ""2026-09-08"", ""2026-09-09"", ""2026-09-10"", ""2026-09-11"", ""2026-09-12"", ""2026-09-13"", ""2026-09-14"", ""2026-09-15"" ],
    ""temperature_2m_mean"" : [ 27.6, 28.3, 29.1, 28.8, 29.3, 28.8, 28.6, 29.0, 29.8, 28.2, 26.6, 26.4, 27.2, 27.3, 26.6 ],
    ""temperature_2m_max"" : [ 30.4, 31.7, 32.1, 32.4, 32.9, 32.9, 32.3, 32.0, 33.2, 31.9, 30.6, 31.7, 30.7, 31.3, 29.2 ],
    ""precipitation_sum"" : [ 2.90, 1.80, 0.40, 1.20, 1.90, 3.10, 3.20, 5.10, 2.00, 10.60, 14.60, 16.40, 3.60, 2.20, 12.80 ],
    ""weather_code"" : [ 53, 51, 51, 53, 61, 53, 61, 61, 53, 61, 63, 63, 53, 61, 63 ]
  }
}",27.6,30.4,2.9,53,"Available","Light Rain","Cool"
"S004","2026-09-02","B01","P002",7,0,"Tea","Drink",45,315,315,"Chonburi",13.3611,100.9847,"https://archive-api.open-meteo.com/v1/archive?latitude=13.3611&longitude=100.9847&start_date=2026-09-01&end_date=2026-09-15&daily=temperature_2m_mean,temperature_2m_max,precipitation_sum,weather_code&timezone=Asia%2FBangkok",200,"application/json; charset=utf-8","{
  ""latitude"" : 13.321617,
  ""longitude"" : 101.013695,
  ""generationtime_ms"" : 0.17547607421875,
  ""utc_offset_seconds"" : 25200,
  ""timezone"" : ""Asia/Bangkok"",
  ""timezone_abbreviation"" : ""GMT+7"",
  ""elevation"" : 8.0,
  ""daily_units"" : {
    ""time"" : ""iso8601"",
    ""temperature_2m_mean"" : ""°C"",
    ""temperature_2m_max"" : ""°C"",
    ""precipitation_sum"" : ""mm"",
    ""weather_code"" : ""wmo code""
  },
  ""daily"" : {
    ""time"" : [ ""2026-09-01"", ""2026-09-02"", ""2026-09-03"", ""2026-09-04"", ""2026-09-05"", ""2026-09-06"", ""2026-09-07"", ""2026-09-08"", ""2026-09-09"", ""2026-09-10"", ""2026-09-11"", ""2026-09-12"", ""2026-09-13"", ""2026-09-14"", ""2026-09-15"" ],
    ""temperature_2m_mean"" : [ 27.6, 28.3, 29.1, 28.8, 29.3, 28.8, 28.6, 29.0, 29.8, 28.2, 26.6, 26.4, 27.2, 27.3, 26.6 ],
    ""temperature_2m_max"" : [ 30.4, 31.7, 32.1, 32.4, 32.9, 32.9, 32.3, 32.0, 33.2, 31.9, 30.6, 31.7, 30.7, 31.3, 29.2 ],
    ""precipitation_sum"" : [ 2.90, 1.80, 0.40, 1.20, 1.90, 3.10, 3.20, 5.10, 2.00, 10.60, 14.60, 16.40, 3.60, 2.20, 12.80 ],
    ""weather_code"" : [ 53, 51, 51, 53, 61, 53, 61, 61, 53, 61, 63, 63, 53, 61, 63 ]
  }
}",28.3,31.7,1.8,51,"Available","Light Rain","Normal"
"S007","2026-09-03","B01","P003",6,5,"Cocoa","Drink",55,330,325,"Chonburi",13.3611,100.9847,"https://archive-api.open-meteo.com/v1/archive?latitude=13.3611&longitude=100.9847&start_date=2026-09-01&end_date=2026-09-15&daily=temperature_2m_mean,temperature_2m_max,precipitation_sum,weather_code&timezone=Asia%2FBangkok",200,"application/json; charset=utf-8","{
  ""latitude"" : 13.321617,
  ""longitude"" : 101.013695,
  ""generationtime_ms"" : 0.17547607421875,
  ""utc_offset_seconds"" : 25200,
  ""timezone"" : ""Asia/Bangkok"",
  ""timezone_abbreviation"" : ""GMT+7"",
  ""elevation"" : 8.0,
  ""daily_units"" : {
    ""time"" : ""iso8601"",
    ""temperature_2m_mean"" : ""°C"",
    ""temperature_2m_max"" : ""°C"",
    ""precipitation_sum"" : ""mm"",
    ""weather_code"" : ""wmo code""
  },
  ""daily"" : {
    ""time"" : [ ""2026-09-01"", ""2026-09-02"", ""2026-09-03"", ""2026-09-04"", ""2026-09-05"", ""2026-09-06"", ""2026-09-07"", ""2026-09-08"", ""2026-09-09"", ""2026-09-10"", ""2026-09-11"", ""2026-09-12"", ""2026-09-13"", ""2026-09-14"", ""2026-09-15"" ],
    ""temperature_2m_mean"" : [ 27.6, 28.3, 29.1, 28.8, 29.3, 28.8, 28.6, 29.0, 29.8, 28.2, 26.6, 26.4, 27.2, 27.3, 26.6 ],
    ""temperature_2m_max"" : [ 30.4, 31.7, 32.1, 32.4, 32.9, 32.9, 32.3, 32.0, 33.2, 31.9, 30.6, 31.7, 30.7, 31.3, 29.2 ],
    ""precipitation_sum"" : [ 2.90, 1.80, 0.40, 1.20, 1.90, 3.10, 3.20, 5.10, 2.00, 10.60, 14.60, 16.40, 3.60, 2.20, 12.80 ],
    ""weather_code"" : [ 53, 51, 51, 53, 61, 53, 61, 61, 53, 61, 63, 63, 53, 61, 63 ]
  }
}",29.1,32.1,0.4,51,"Available","Light Rain","Normal"
"S010","2026-09-04","B01","P004",8,10,"Croissant","Bakery",50,400,390,"Chonburi",13.3611,100.9847,"https://archive-api.open-meteo.com/v1/archive?latitude=13.3611&longitude=100.9847&start_date=2026-09-01&end_date=2026-09-15&daily=temperature_2m_mean,temperature_2m_max,precipitation_sum,weather_code&timezone=Asia%2FBangkok",200,"application/json; charset=utf-8","{
  ""latitude"" : 13.321617,
  ""longitude"" : 101.013695,
  ""generationtime_ms"" : 0.17547607421875,
  ""utc_offset_seconds"" : 25200,
  ""timezone"" : ""Asia/Bangkok"",
  ""timezone_abbreviation"" : ""GMT+7"",
  ""elevation"" : 8.0,
  ""daily_units"" : {
    ""time"" : ""iso8601"",
    ""temperature_2m_mean"" : ""°C"",
    ""temperature_2m_max"" : ""°C"",
    ""precipitation_sum"" : ""mm"",
    ""weather_code"" : ""wmo code""
  },
  ""daily"" : {
    ""time"" : [ ""2026-09-01"", ""2026-09-02"", ""2026-09-03"", ""2026-09-04"", ""2026-09-05"", ""2026-09-06"", ""2026-09-07"", ""2026-09-08"", ""2026-09-09"", ""2026-09-10"", ""2026-09-11"", ""2026-09-12"", ""2026-09-13"", ""2026-09-14"", ""2026-09-15"" ],
    ""temperature_2m_mean"" : [ 27.6, 28.3, 29.1, 28.8, 29.3, 28.8, 28.6, 29.0, 29.8, 28.2, 26.6, 26.4, 27.2, 27.3, 26.6 ],
    ""temperature_2m_max"" : [ 30.4, 31.7, 32.1, 32.4, 32.9, 32.9, 32.3, 32.0, 33.2, 31.9, 30.6, 31.7, 30.7, 31.3, 29.2 ],
    ""precipitation_sum"" : [ 2.90, 1.80, 0.40, 1.20, 1.90, 3.10, 3.20, 5.10, 2.00, 10.60, 14.60, 16.40, 3.60, 2.20, 12.80 ],
    ""weather_code"" : [ 53, 51, 51, 53, 61, 53, 61, 61, 53, 61, 63, 63, 53, 61, 63 ]
  }
}",28.8,32.4,1.2,53,"Available","Light Rain","Normal"
"S013","2026-09-05","B01","P005",4,10,"Cake","Bakery",80,320,310,"Chonburi",13.3611,100.9847,"https://archive-api.open-meteo.com/v1/archive?latitude=13.3611&longitude=100.9847&start_date=2026-09-01&end_date=2026-09-15&daily=temperature_2m_mean,temperature_2m_max,precipitation_sum,weather_code&timezone=Asia%2FBangkok",200,"application/json; charset=utf-8","{
  ""latitude"" : 13.321617,
  ""longitude"" : 101.013695,
  ""generationtime_ms"" : 0.17547607421875,
  ""utc_offset_seconds"" : 25200,
  ""timezone"" : ""Asia/Bangkok"",
  ""timezone_abbreviation"" : ""GMT+7"",
  ""elevation"" : 8.0,
  ""daily_units"" : {
    ""time"" : ""iso8601"",
    ""temperature_2m_mean"" : ""°C"",
    ""temperature_2m_max"" : ""°C"",
    ""precipitation_sum"" : ""mm"",
    ""weather_code"" : ""wmo code""
  },
  ""daily"" : {
    ""time"" : [ ""2026-09-01"", ""2026-09-02"", ""2026-09-03"", ""2026-09-04"", ""2026-09-05"", ""2026-09-06"", ""2026-09-07"", ""2026-09-08"", ""2026-09-09"", ""2026-09-10"", ""2026-09-11"", ""2026-09-12"", ""2026-09-13"", ""2026-09-14"", ""2026-09-15"" ],
    ""temperature_2m_mean"" : [ 27.6, 28.3, 29.1, 28.8, 29.3, 28.8, 28.6, 29.0, 29.8, 28.2, 26.6, 26.4, 27.2, 27.3, 26.6 ],
    ""temperature_2m_max"" : [ 30.4, 31.7, 32.1, 32.4, 32.9, 32.9, 32.3, 32.0, 33.2, 31.9, 30.6, 31.7, 30.7, 31.3, 29.2 ],
    ""precipitation_sum"" : [ 2.90, 1.80, 0.40, 1.20, 1.90, 3.10, 3.20, 5.10, 2.00, 10.60, 14.60, 16.40, 3.60, 2.20, 12.80 ],
    ""weather_code"" : [ 53, 51, 51, 53, 61, 53, 61, 61, 53, 61, 63, 63, 53, 61, 63 ]
  }
}",29.3,32.9,1.9,61,"Available","Light Rain","Normal"
"S016","2026-09-06","B01","P006",7,0,"Sandwich","Snack",70,490,490,"Chonburi",13.3611,100.9847,"https://archive-api.open-meteo.com/v1/archive?latitude=13.3611&longitude=100.9847&start_date=2026-09-01&end_date=2026-09-15&daily=temperature_2m_mean,temperature_2m_max,precipitation_sum,weather_code&timezone=Asia%2FBangkok",200,"application/json; charset=utf-8","{
  ""latitude"" : 13.321617,
  ""longitude"" : 101.013695,
  ""generationtime_ms"" : 0.17547607421875,
  ""utc_offset_seconds"" : 25200,
  ""timezone"" : ""Asia/Bangkok"",
  ""timezone_abbreviation"" : ""GMT+7"",
  ""elevation"" : 8.0,
  ""daily_units"" : {
    ""time"" : ""iso8601"",
    ""temperature_2m_mean"" : ""°C"",
    ""temperature_2m_max"" : ""°C"",
    ""precipitation_sum"" : ""mm"",
    ""weather_code"" : ""wmo code""
  },
  ""daily"" : {
    ""time"" : [ ""2026-09-01"", ""2026-09-02"", ""2026-09-03"", ""2026-09-04"", ""2026-09-05"", ""2026-09-06"", ""2026-09-07"", ""2026-09-08"", ""2026-09-09"", ""2026-09-10"", ""2026-09-11"", ""2026-09-12"", ""2026-09-13"", ""2026-09-14"", ""2026-09-15"" ],
    ""temperature_2m_mean"" : [ 27.6, 28.3, 29.1, 28.8, 29.3, 28.8, 28.6, 29.0, 29.8, 28.2, 26.6, 26.4, 27.2, 27.3, 26.6 ],
    ""temperature_2m_max"" : [ 30.4, 31.7, 32.1, 32.4, 32.9, 32.9, 32.3, 32.0, 33.2, 31.9, 30.6, 31.7, 30.7, 31.3, 29.2 ],
    ""precipitation_sum"" : [ 2.90, 1.80, 0.40, 1.20, 1.90, 3.10, 3.20, 5.10, 2.00, 10.60, 14.60, 16.40, 3.60, 2.20, 12.80 ],
    ""weather_code"" : [ 53, 51, 51, 53, 61, 53, 61, 61, 53, 61, 63, 63, 53, 61, 63 ]
  }
}",28.8,32.9,3.1,53,"Available","Light Rain","Normal"
"S019","2026-09-07","B01","P007",5,0,"Salad","Snack",65,325,325,"Chonburi",13.3611,100.9847,"https://archive-api.open-meteo.com/v1/archive?latitude=13.3611&longitude=100.9847&start_date=2026-09-01&end_date=2026-09-15&daily=temperature_2m_mean,temperature_2m_max,precipitation_sum,weather_code&timezone=Asia%2FBangkok",200,"application/json; charset=utf-8","{
  ""latitude"" : 13.321617,
  ""longitude"" : 101.013695,
  ""generationtime_ms"" : 0.17547607421875,
  ""utc_offset_seconds"" : 25200,
  ""timezone"" : ""Asia/Bangkok"",
  ""timezone_abbreviation"" : ""GMT+7"",
  ""elevation"" : 8.0,
  ""daily_units"" : {
    ""time"" : ""iso8601"",
    ""temperature_2m_mean"" : ""°C"",
    ""temperature_2m_max"" : ""°C"",
    ""precipitation_sum"" : ""mm"",
    ""weather_code"" : ""wmo code""
  },
  ""daily"" : {
    ""time"" : [ ""2026-09-01"", ""2026-09-02"", ""2026-09-03"", ""2026-09-04"", ""2026-09-05"", ""2026-09-06"", ""2026-09-07"", ""2026-09-08"", ""2026-09-09"", ""2026-09-10"", ""2026-09-11"", ""2026-09-12"", ""2026-09-13"", ""2026-09-14"", ""2026-09-15"" ],
    ""temperature_2m_mean"" : [ 27.6, 28.3, 29.1, 28.8, 29.3, 28.8, 28.6, 29.0, 29.8, 28.2, 26.6, 26.4, 27.2, 27.3, 26.6 ],
    ""temperature_2m_max"" : [ 30.4, 31.7, 32.1, 32.4, 32.9, 32.9, 32.3, 32.0, 33.2, 31.9, 30.6, 31.7, 30.7, 31.3, 29.2 ],
    ""precipitation_sum"" : [ 2.90, 1.80, 0.40, 1.20, 1.90, 3.10, 3.20, 5.10, 2.00, 10.60, 14.60, 16.40, 3.60, 2.20, 12.80 ],
    ""weather_code"" : [ 53, 51, 51, 53, 61, 53, 61, 61, 53, 61, 63, 63, 53, 61, 63 ]
  }
}",28.6,32.3,3.2,61,"Available","Light Rain","Normal"
"S022","2026-09-08","B01","P001",11,10,"Coffee","Drink",60,660,650,"Chonburi",13.3611,100.9847,"https://archive-api.open-meteo.com/v1/archive?latitude=13.3611&longitude=100.9847&start_date=2026-09-01&end_date=2026-09-15&daily=temperature_2m_mean,temperature_2m_max,precipitation_sum,weather_code&timezone=Asia%2FBangkok",200,"application/json; charset=utf-8","{
  ""latitude"" : 13.321617,
  ""longitude"" : 101.013695,
  ""generationtime_ms"" : 0.17547607421875,
  ""utc_offset_seconds"" : 25200,
  ""timezone"" : ""Asia/Bangkok"",
  ""timezone_abbreviation"" : ""GMT+7"",
  ""elevation"" : 8.0,
  ""daily_units"" : {
    ""time"" : ""iso8601"",
    ""temperature_2m_mean"" : ""°C"",
    ""temperature_2m_max"" : ""°C"",
    ""precipitation_sum"" : ""mm"",
    ""weather_code"" : ""wmo code""
  },
  ""daily"" : {
    ""time"" : [ ""2026-09-01"", ""2026-09-02"", ""2026-09-03"", ""2026-09-04"", ""2026-09-05"", ""2026-09-06"", ""2026-09-07"", ""2026-09-08"", ""2026-09-09"", ""2026-09-10"", ""2026-09-11"", ""2026-09-12"", ""2026-09-13"", ""2026-09-14"", ""2026-09-15"" ],
    ""temperature_2m_mean"" : [ 27.6, 28.3, 29.1, 28.8, 29.3, 28.8, 28.6, 29.0, 29.8, 28.2, 26.6, 26.4, 27.2, 27.3, 26.6 ],
    ""temperature_2m_max"" : [ 30.4, 31.7, 32.1, 32.4, 32.9, 32.9, 32.3, 32.0, 33.2, 31.9, 30.6, 31.7, 30.7, 31.3, 29.2 ],
    ""precipitation_sum"" : [ 2.90, 1.80, 0.40, 1.20, 1.90, 3.10, 3.20, 5.10, 2.00, 10.60, 14.60, 16.40, 3.60, 2.20, 12.80 ],
    ""weather_code"" : [ 53, 51, 51, 53, 61, 53, 61, 61, 53, 61, 63, 63, 53, 61, 63 ]
  }
}",29,32,5.1,61,"Available","Light Rain","Normal"
"S025","2026-09-09","B01","P003",7,0,"Cocoa","Drink",55,385,385,"Chonburi",13.3611,100.9847,"https://archive-api.open-meteo.com/v1/archive?latitude=13.3611&longitude=100.9847&start_date=2026-09-01&end_date=2026-09-15&daily=temperature_2m_mean,temperature_2m_max,precipitation_sum,weather_code&timezone=Asia%2FBangkok",200,"application/json; charset=utf-8","{
  ""latitude"" : 13.321617,
  ""longitude"" : 101.013695,
  ""generationtime_ms"" : 0.17547607421875,
  ""utc_offset_seconds"" : 25200,
  ""timezone"" : ""Asia/Bangkok"",
  ""timezone_abbreviation"" : ""GMT+7"",
  ""elevation"" : 8.0,
  ""daily_units"" : {
    ""time"" : ""iso8601"",
    ""temperature_2m_mean"" : ""°C"",
    ""temperature_2m_max"" : ""°C"",
    ""precipitation_sum"" : ""mm"",
    ""weather_code"" : ""wmo code""
  },
  ""daily"" : {
    ""time"" : [ ""2026-09-01"", ""2026-09-02"", ""2026-09-03"", ""2026-09-04"", ""2026-09-05"", ""2026-09-06"", ""2026-09-07"", ""2026-09-08"", ""2026-09-09"", ""2026-09-10"", ""2026-09-11"", ""2026-09-12"", ""2026-09-13"", ""2026-09-14"", ""2026-09-15"" ],
    ""temperature_2m_mean"" : [ 27.6, 28.3, 29.1, 28.8, 29.3, 28.8, 28.6, 29.0, 29.8, 28.2, 26.6, 26.4, 27.2, 27.3, 26.6 ],
    ""temperature_2m_max"" : [ 30.4, 31.7, 32.1, 32.4, 32.9, 32.9, 32.3, 32.0, 33.2, 31.9, 30.6, 31.7, 30.7, 31.3, 29.2 ],
    ""precipitation_sum"" : [ 2.90, 1.80, 0.40, 1.20, 1.90, 3.10, 3.20, 5.10, 2.00, 10.60, 14.60, 16.40, 3.60, 2.20, 12.80 ],
    ""weather_code"" : [ 53, 51, 51, 53, 61, 53, 61, 61, 53, 61, 63, 63, 53, 61, 63 ]
  }
}",29.8,33.2,2,53,"Available","Light Rain","Normal"
"S028","2026-09-10","B01","P005",5,0,"Cake","Bakery",80,400,400,"Chonburi",13.3611,100.9847,"https://archive-api.open-meteo.com/v1/archive?latitude=13.3611&longitude=100.9847&start_date=2026-09-01&end_date=2026-09-15&daily=temperature_2m_mean,temperature_2m_max,precipitation_sum,weather_code&timezone=Asia%2FBangkok",200,"application/json; charset=utf-8","{
  ""latitude"" : 13.321617,
  ""longitude"" : 101.013695,
  ""generationtime_ms"" : 0.17547607421875,
  ""utc_offset_seconds"" : 25200,
  ""timezone"" : ""Asia/Bangkok"",
  ""timezone_abbreviation"" : ""GMT+7"",
  ""elevation"" : 8.0,
  ""daily_units"" : {
    ""time"" : ""iso8601"",
    ""temperature_2m_mean"" : ""°C"",
    ""temperature_2m_max"" : ""°C"",
    ""precipitation_sum"" : ""mm"",
    ""weather_code"" : ""wmo code""
  },
  ""daily"" : {
    ""time"" : [ ""2026-09-01"", ""2026-09-02"", ""2026-09-03"", ""2026-09-04"", ""2026-09-05"", ""2026-09-06"", ""2026-09-07"", ""2026-09-08"", ""2026-09-09"", ""2026-09-10"", ""2026-09-11"", ""2026-09-12"", ""2026-09-13"", ""2026-09-14"", ""2026-09-15"" ],
    ""temperature_2m_mean"" : [ 27.6, 28.3, 29.1, 28.8, 29.3, 28.8, 28.6, 29.0, 29.8, 28.2, 26.6, 26.4, 27.2, 27.3, 26.6 ],
    ""temperature_2m_max"" : [ 30.4, 31.7, 32.1, 32.4, 32.9, 32.9, 32.3, 32.0, 33.2, 31.9, 30.6, 31.7, 30.7, 31.3, 29.2 ],
    ""precipitation_sum"" : [ 2.90, 1.80, 0.40, 1.20, 1.90, 3.10, 3.20, 5.10, 2.00, 10.60, 14.60, 16.40, 3.60, 2.20, 12.80 ],
    ""weather_code"" : [ 53, 51, 51, 53, 61, 53, 61, 61, 53, 61, 63, 63, 53, 61, 63 ]
  }
}",28.2,31.9,10.6,61,"Available","Heavy Rain","Normal"
"S031","2026-09-11","B01","P006",8,10,"Sandwich","Snack",70,560,550,"Chonburi",13.3611,100.9847,"https://archive-api.open-meteo.com/v1/archive?latitude=13.3611&longitude=100.9847&start_date=2026-09-01&end_date=2026-09-15&daily=temperature_2m_mean,temperature_2m_max,precipitation_sum,weather_code&timezone=Asia%2FBangkok",200,"application/json; charset=utf-8","{
  ""latitude"" : 13.321617,
  ""longitude"" : 101.013695,
  ""generationtime_ms"" : 0.17547607421875,
  ""utc_offset_seconds"" : 25200,
  ""timezone"" : ""Asia/Bangkok"",
  ""timezone_abbreviation"" : ""GMT+7"",
  ""elevation"" : 8.0,
  ""daily_units"" : {
    ""time"" : ""iso8601"",
    ""temperature_2m_mean"" : ""°C"",
    ""temperature_2m_max"" : ""°C"",
    ""precipitation_sum"" : ""mm"",
    ""weather_code"" : ""wmo code""
  },
  ""daily"" : {
    ""time"" : [ ""2026-09-01"", ""2026-09-02"", ""2026-09-03"", ""2026-09-04"", ""2026-09-05"", ""2026-09-06"", ""2026-09-07"", ""2026-09-08"", ""2026-09-09"", ""2026-09-10"", ""2026-09-11"", ""2026-09-12"", ""2026-09-13"", ""2026-09-14"", ""2026-09-15"" ],
    ""temperature_2m_mean"" : [ 27.6, 28.3, 29.1, 28.8, 29.3, 28.8, 28.6, 29.0, 29.8, 28.2, 26.6, 26.4, 27.2, 27.3, 26.6 ],
    ""temperature_2m_max"" : [ 30.4, 31.7, 32.1, 32.4, 32.9, 32.9, 32.3, 32.0, 33.2, 31.9, 30.6, 31.7, 30.7, 31.3, 29.2 ],
    ""precipitation_sum"" : [ 2.90, 1.80, 0.40, 1.20, 1.90, 3.10, 3.20, 5.10, 2.00, 10.60, 14.60, 16.40, 3.60, 2.20, 12.80 ],
    ""weather_code"" : [ 53, 51, 51, 53, 61, 53, 61, 61, 53, 61, 63, 63, 53, 61, 63 ]
  }
}",26.6,30.6,14.6,63,"Available","Heavy Rain","Cool"
"S034","2026-09-12","B01","P004",7,5,"Croissant","Bakery",50,350,345,"Chonburi",13.3611,100.9847,"https://archive-api.open-meteo.com/v1/archive?latitude=13.3611&longitude=100.9847&start_date=2026-09-01&end_date=2026-09-15&daily=temperature_2m_mean,temperature_2m_max,precipitation_sum,weather_code&timezone=Asia%2FBangkok",200,"application/json; charset=utf-8","{
  ""latitude"" : 13.321617,
  ""longitude"" : 101.013695,
  ""generationtime_ms"" : 0.17547607421875,
  ""utc_offset_seconds"" : 25200,
  ""timezone"" : ""Asia/Bangkok"",
  ""timezone_abbreviation"" : ""GMT+7"",
  ""elevation"" : 8.0,
  ""daily_units"" : {
    ""time"" : ""iso8601"",
    ""temperature_2m_mean"" : ""°C"",
    ""temperature_2m_max"" : ""°C"",
    ""precipitation_sum"" : ""mm"",
    ""weather_code"" : ""wmo code""
  },
  ""daily"" : {
    ""time"" : [ ""2026-09-01"", ""2026-09-02"", ""2026-09-03"", ""2026-09-04"", ""2026-09-05"", ""2026-09-06"", ""2026-09-07"", ""2026-09-08"", ""2026-09-09"", ""2026-09-10"", ""2026-09-11"", ""2026-09-12"", ""2026-09-13"", ""2026-09-14"", ""2026-09-15"" ],
    ""temperature_2m_mean"" : [ 27.6, 28.3, 29.1, 28.8, 29.3, 28.8, 28.6, 29.0, 29.8, 28.2, 26.6, 26.4, 27.2, 27.3, 26.6 ],
    ""temperature_2m_max"" : [ 30.4, 31.7, 32.1, 32.4, 32.9, 32.9, 32.3, 32.0, 33.2, 31.9, 30.6, 31.7, 30.7, 31.3, 29.2 ],
    ""precipitation_sum"" : [ 2.90, 1.80, 0.40, 1.20, 1.90, 3.10, 3.20, 5.10, 2.00, 10.60, 14.60, 16.40, 3.60, 2.20, 12.80 ],
    ""weather_code"" : [ 53, 51, 51, 53, 61, 53, 61, 61, 53, 61, 63, 63, 53, 61, 63 ]
  }
}",26.4,31.7,16.4,63,"Available","Heavy Rain","Cool"
"S037","2026-09-13","B01","P001",9,0,"Coffee","Drink",60,540,540,"Chonburi",13.3611,100.9847,"https://archive-api.open-meteo.com/v1/archive?latitude=13.3611&longitude=100.9847&start_date=2026-09-01&end_date=2026-09-15&daily=temperature_2m_mean,temperature_2m_max,precipitation_sum,weather_code&timezone=Asia%2FBangkok",200,"application/json; charset=utf-8","{
  ""latitude"" : 13.321617,
  ""longitude"" : 101.013695,
  ""generationtime_ms"" : 0.17547607421875,
  ""utc_offset_seconds"" : 25200,
  ""timezone"" : ""Asia/Bangkok"",
  ""timezone_abbreviation"" : ""GMT+7"",
  ""elevation"" : 8.0,
  ""daily_units"" : {
    ""time"" : ""iso8601"",
    ""temperature_2m_mean"" : ""°C"",
    ""temperature_2m_max"" : ""°C"",
    ""precipitation_sum"" : ""mm"",
    ""weather_code"" : ""wmo code""
  },
  ""daily"" : {
    ""time"" : [ ""2026-09-01"", ""2026-09-02"", ""2026-09-03"", ""2026-09-04"", ""2026-09-05"", ""2026-09-06"", ""2026-09-07"", ""2026-09-08"", ""2026-09-09"", ""2026-09-10"", ""2026-09-11"", ""2026-09-12"", ""2026-09-13"", ""2026-09-14"", ""2026-09-15"" ],
    ""temperature_2m_mean"" : [ 27.6, 28.3, 29.1, 28.8, 29.3, 28.8, 28.6, 29.0, 29.8, 28.2, 26.6, 26.4, 27.2, 27.3, 26.6 ],
    ""temperature_2m_max"" : [ 30.4, 31.7, 32.1, 32.4, 32.9, 32.9, 32.3, 32.0, 33.2, 31.9, 30.6, 31.7, 30.7, 31.3, 29.2 ],
    ""precipitation_sum"" : [ 2.90, 1.80, 0.40, 1.20, 1.90, 3.10, 3.20, 5.10, 2.00, 10.60, 14.60, 16.40, 3.60, 2.20, 12.80 ],
    ""weather_code"" : [ 53, 51, 51, 53, 61, 53, 61, 61, 53, 61, 63, 63, 53, 61, 63 ]
  }
}",27.2,30.7,3.6,53,"Available","Light Rain","Cool"
"S040","2026-09-14","B01","P007",7,0,"Salad","Snack",65,455,455,"Chonburi",13.3611,100.9847,"https://archive-api.open-meteo.com/v1/archive?latitude=13.3611&longitude=100.9847&start_date=2026-09-01&end_date=2026-09-15&daily=temperature_2m_mean,temperature_2m_max,precipitation_sum,weather_code&timezone=Asia%2FBangkok",200,"application/json; charset=utf-8","{
  ""latitude"" : 13.321617,
  ""longitude"" : 101.013695,
  ""generationtime_ms"" : 0.17547607421875,
  ""utc_offset_seconds"" : 25200,
  ""timezone"" : ""Asia/Bangkok"",
  ""timezone_abbreviation"" : ""GMT+7"",
  ""elevation"" : 8.0,
  ""daily_units"" : {
    ""time"" : ""iso8601"",
    ""temperature_2m_mean"" : ""°C"",
    ""temperature_2m_max"" : ""°C"",
    ""precipitation_sum"" : ""mm"",
    ""weather_code"" : ""wmo code""
  },
  ""daily"" : {
    ""time"" : [ ""2026-09-01"", ""2026-09-02"", ""2026-09-03"", ""2026-09-04"", ""2026-09-05"", ""2026-09-06"", ""2026-09-07"", ""2026-09-08"", ""2026-09-09"", ""2026-09-10"", ""2026-09-11"", ""2026-09-12"", ""2026-09-13"", ""2026-09-14"", ""2026-09-15"" ],
    ""temperature_2m_mean"" : [ 27.6, 28.3, 29.1, 28.8, 29.3, 28.8, 28.6, 29.0, 29.8, 28.2, 26.6, 26.4, 27.2, 27.3, 26.6 ],
    ""temperature_2m_max"" : [ 30.4, 31.7, 32.1, 32.4, 32.9, 32.9, 32.3, 32.0, 33.2, 31.9, 30.6, 31.7, 30.7, 31.3, 29.2 ],
    ""precipitation_sum"" : [ 2.90, 1.80, 0.40, 1.20, 1.90, 3.10, 3.20, 5.10, 2.00, 10.60, 14.60, 16.40, 3.60, 2.20, 12.80 ],
    ""weather_code"" : [ 53, 51, 51, 53, 61, 53, 61, 61, 53, 61, 63, 63, 53, 61, 63 ]
  }
}",27.3,31.3,2.2,61,"Available","Light Rain","Cool"
"S043","2026-09-15","B01","P008",13,0,"Water","Drink",25,325,325,"Chonburi",13.3611,100.9847,"https://archive-api.open-meteo.com/v1/archive?latitude=13.3611&longitude=100.9847&start_date=2026-09-01&end_date=2026-09-15&daily=temperature_2m_mean,temperature_2m_max,precipitation_sum,weather_code&timezone=Asia%2FBangkok",200,"application/json; charset=utf-8","{
  ""latitude"" : 13.321617,
  ""longitude"" : 101.013695,
  ""generationtime_ms"" : 0.17547607421875,
  ""utc_offset_seconds"" : 25200,
  ""timezone"" : ""Asia/Bangkok"",
  ""timezone_abbreviation"" : ""GMT+7"",
  ""elevation"" : 8.0,
  ""daily_units"" : {
    ""time"" : ""iso8601"",
    ""temperature_2m_mean"" : ""°C"",
    ""temperature_2m_max"" : ""°C"",
    ""precipitation_sum"" : ""mm"",
    ""weather_code"" : ""wmo code""
  },
  ""daily"" : {
    ""time"" : [ ""2026-09-01"", ""2026-09-02"", ""2026-09-03"", ""2026-09-04"", ""2026-09-05"", ""2026-09-06"", ""2026-09-07"", ""2026-09-08"", ""2026-09-09"", ""2026-09-10"", ""2026-09-11"", ""2026-09-12"", ""2026-09-13"", ""2026-09-14"", ""2026-09-15"" ],
    ""temperature_2m_mean"" : [ 27.6, 28.3, 29.1, 28.8, 29.3, 28.8, 28.6, 29.0, 29.8, 28.2, 26.6, 26.4, 27.2, 27.3, 26.6 ],
    ""temperature_2m_max"" : [ 30.4, 31.7, 32.1, 32.4, 32.9, 32.9, 32.3, 32.0, 33.2, 31.9, 30.6, 31.7, 30.7, 31.3, 29.2 ],
    ""precipitation_sum"" : [ 2.90, 1.80, 0.40, 1.20, 1.90, 3.10, 3.20, 5.10, 2.00, 10.60, 14.60, 16.40, 3.60, 2.20, 12.80 ],
    ""weather_code"" : [ 53, 51, 51, 53, 61, 53, 61, 61, 53, 61, 63, 63, 53, 61, 63 ]
  }
}",26.6,29.2,12.8,63,"Available","Heavy Rain","Cool"
"S002","2026-09-01","B02","P004",6,10,"Croissant","Bakery",50,300,290,"Bangkok",13.7563,100.5018,"https://archive-api.open-meteo.com/v1/archive?latitude=13.7563&longitude=100.5018&start_date=2026-09-01&end_date=2026-09-15&daily=temperature_2m_mean,temperature_2m_max,precipitation_sum,weather_code&timezone=Asia%2FBangkok",200,"application/json; charset=utf-8","{
  ""latitude"" : 13.743409,
  ""longitude"" : 100.495865,
  ""generationtime_ms"" : 0.17654895782470703,
  ""utc_offset_seconds"" : 25200,
  ""timezone"" : ""Asia/Bangkok"",
  ""timezone_abbreviation"" : ""GMT+7"",
  ""elevation"" : 4.0,
  ""daily_units"" : {
    ""time"" : ""iso8601"",
    ""temperature_2m_mean"" : ""°C"",
    ""temperature_2m_max"" : ""°C"",
    ""precipitation_sum"" : ""mm"",
    ""weather_code"" : ""wmo code""
  },
  ""daily"" : {
    ""time"" : [ ""2026-09-01"", ""2026-09-02"", ""2026-09-03"", ""2026-09-04"", ""2026-09-05"", ""2026-09-06"", ""2026-09-07"", ""2026-09-08"", ""2026-09-09"", ""2026-09-10"", ""2026-09-11"", ""2026-09-12"", ""2026-09-13"", ""2026-09-14"", ""2026-09-15"" ],
    ""temperature_2m_mean"" : [ 27.6, 28.2, 29.2, 29.6, 29.6, 28.8, 28.4, 28.6, 28.9, 27.6, 27.0, 26.9, 28.1, 27.5, 26.5 ],
    ""temperature_2m_max"" : [ 31.4, 32.7, 34.3, 34.2, 35.4, 35.4, 32.8, 32.5, 33.3, 31.5, 31.9, 31.8, 31.5, 30.0, 30.2 ],
    ""precipitation_sum"" : [ 3.10, 9.40, 5.40, 0.30, 1.70, 11.70, 6.40, 14.80, 6.50, 14.80, 7.20, 20.80, 5.30, 4.80, 25.40 ],
    ""weather_code"" : [ 61, 63, 63, 51, 53, 63, 61, 63, 63, 63, 61, 63, 61, 61, 63 ]
  }
}",27.6,31.4,3.1,61,"Available","Light Rain","Cool"
"S005","2026-09-02","B02","P005",5,10,"Cake","Bakery",80,400,390,"Bangkok",13.7563,100.5018,"https://archive-api.open-meteo.com/v1/archive?latitude=13.7563&longitude=100.5018&start_date=2026-09-01&end_date=2026-09-15&daily=temperature_2m_mean,temperature_2m_max,precipitation_sum,weather_code&timezone=Asia%2FBangkok",200,"application/json; charset=utf-8","{
  ""latitude"" : 13.743409,
  ""longitude"" : 100.495865,
  ""generationtime_ms"" : 0.17654895782470703,
  ""utc_offset_seconds"" : 25200,
  ""timezone"" : ""Asia/Bangkok"",
  ""timezone_abbreviation"" : ""GMT+7"",
  ""elevation"" : 4.0,
  ""daily_units"" : {
    ""time"" : ""iso8601"",
    ""temperature_2m_mean"" : ""°C"",
    ""temperature_2m_max"" : ""°C"",
    ""precipitation_sum"" : ""mm"",
    ""weather_code"" : ""wmo code""
  },
  ""daily"" : {
    ""time"" : [ ""2026-09-01"", ""2026-09-02"", ""2026-09-03"", ""2026-09-04"", ""2026-09-05"", ""2026-09-06"", ""2026-09-07"", ""2026-09-08"", ""2026-09-09"", ""2026-09-10"", ""2026-09-11"", ""2026-09-12"", ""2026-09-13"", ""2026-09-14"", ""2026-09-15"" ],
    ""temperature_2m_mean"" : [ 27.6, 28.2, 29.2, 29.6, 29.6, 28.8, 28.4, 28.6, 28.9, 27.6, 27.0, 26.9, 28.1, 27.5, 26.5 ],
    ""temperature_2m_max"" : [ 31.4, 32.7, 34.3, 34.2, 35.4, 35.4, 32.8, 32.5, 33.3, 31.5, 31.9, 31.8, 31.5, 30.0, 30.2 ],
    ""precipitation_sum"" : [ 3.10, 9.40, 5.40, 0.30, 1.70, 11.70, 6.40, 14.80, 6.50, 14.80, 7.20, 20.80, 5.30, 4.80, 25.40 ],
    ""weather_code"" : [ 61, 63, 63, 51, 53, 63, 61, 63, 63, 63, 61, 63, 61, 61, 63 ]
  }
}",28.2,32.7,9.4,63,"Available","Light Rain","Normal"
"S008","2026-09-03","B02","P001",9,0,"Coffee","Drink",60,540,540,"Bangkok",13.7563,100.5018,"https://archive-api.open-meteo.com/v1/archive?latitude=13.7563&longitude=100.5018&start_date=2026-09-01&end_date=2026-09-15&daily=temperature_2m_mean,temperature_2m_max,precipitation_sum,weather_code&timezone=Asia%2FBangkok",200,"application/json; charset=utf-8","{
  ""latitude"" : 13.743409,
  ""longitude"" : 100.495865,
  ""generationtime_ms"" : 0.17654895782470703,
  ""utc_offset_seconds"" : 25200,
  ""timezone"" : ""Asia/Bangkok"",
  ""timezone_abbreviation"" : ""GMT+7"",
  ""elevation"" : 4.0,
  ""daily_units"" : {
    ""time"" : ""iso8601"",
    ""temperature_2m_mean"" : ""°C"",
    ""temperature_2m_max"" : ""°C"",
    ""precipitation_sum"" : ""mm"",
    ""weather_code"" : ""wmo code""
  },
  ""daily"" : {
    ""time"" : [ ""2026-09-01"", ""2026-09-02"", ""2026-09-03"", ""2026-09-04"", ""2026-09-05"", ""2026-09-06"", ""2026-09-07"", ""2026-09-08"", ""2026-09-09"", ""2026-09-10"", ""2026-09-11"", ""2026-09-12"", ""2026-09-13"", ""2026-09-14"", ""2026-09-15"" ],
    ""temperature_2m_mean"" : [ 27.6, 28.2, 29.2, 29.6, 29.6, 28.8, 28.4, 28.6, 28.9, 27.6, 27.0, 26.9, 28.1, 27.5, 26.5 ],
    ""temperature_2m_max"" : [ 31.4, 32.7, 34.3, 34.2, 35.4, 35.4, 32.8, 32.5, 33.3, 31.5, 31.9, 31.8, 31.5, 30.0, 30.2 ],
    ""precipitation_sum"" : [ 3.10, 9.40, 5.40, 0.30, 1.70, 11.70, 6.40, 14.80, 6.50, 14.80, 7.20, 20.80, 5.30, 4.80, 25.40 ],
    ""weather_code"" : [ 61, 63, 63, 51, 53, 63, 61, 63, 63, 63, 61, 63, 61, 61, 63 ]
  }
}",29.2,34.3,5.4,63,"Available","Light Rain","Normal"
"S011","2026-09-04","B02","P006",7,5,"Sandwich","Snack",70,490,485,"Bangkok",13.7563,100.5018,"https://archive-api.open-meteo.com/v1/archive?latitude=13.7563&longitude=100.5018&start_date=2026-09-01&end_date=2026-09-15&daily=temperature_2m_mean,temperature_2m_max,precipitation_sum,weather_code&timezone=Asia%2FBangkok",200,"application/json; charset=utf-8","{
  ""latitude"" : 13.743409,
  ""longitude"" : 100.495865,
  ""generationtime_ms"" : 0.17654895782470703,
  ""utc_offset_seconds"" : 25200,
  ""timezone"" : ""Asia/Bangkok"",
  ""timezone_abbreviation"" : ""GMT+7"",
  ""elevation"" : 4.0,
  ""daily_units"" : {
    ""time"" : ""iso8601"",
    ""temperature_2m_mean"" : ""°C"",
    ""temperature_2m_max"" : ""°C"",
    ""precipitation_sum"" : ""mm"",
    ""weather_code"" : ""wmo code""
  },
  ""daily"" : {
    ""time"" : [ ""2026-09-01"", ""2026-09-02"", ""2026-09-03"", ""2026-09-04"", ""2026-09-05"", ""2026-09-06"", ""2026-09-07"", ""2026-09-08"", ""2026-09-09"", ""2026-09-10"", ""2026-09-11"", ""2026-09-12"", ""2026-09-13"", ""2026-09-14"", ""2026-09-15"" ],
    ""temperature_2m_mean"" : [ 27.6, 28.2, 29.2, 29.6, 29.6, 28.8, 28.4, 28.6, 28.9, 27.6, 27.0, 26.9, 28.1, 27.5, 26.5 ],
    ""temperature_2m_max"" : [ 31.4, 32.7, 34.3, 34.2, 35.4, 35.4, 32.8, 32.5, 33.3, 31.5, 31.9, 31.8, 31.5, 30.0, 30.2 ],
    ""precipitation_sum"" : [ 3.10, 9.40, 5.40, 0.30, 1.70, 11.70, 6.40, 14.80, 6.50, 14.80, 7.20, 20.80, 5.30, 4.80, 25.40 ],
    ""weather_code"" : [ 61, 63, 63, 51, 53, 63, 61, 63, 63, 63, 61, 63, 61, 61, 63 ]
  }
}",29.6,34.2,0.3,51,"Available","Light Rain","Normal"
"S014","2026-09-05","B02","P007",6,0,"Salad","Snack",65,390,390,"Bangkok",13.7563,100.5018,"https://archive-api.open-meteo.com/v1/archive?latitude=13.7563&longitude=100.5018&start_date=2026-09-01&end_date=2026-09-15&daily=temperature_2m_mean,temperature_2m_max,precipitation_sum,weather_code&timezone=Asia%2FBangkok",200,"application/json; charset=utf-8","{
  ""latitude"" : 13.743409,
  ""longitude"" : 100.495865,
  ""generationtime_ms"" : 0.17654895782470703,
  ""utc_offset_seconds"" : 25200,
  ""timezone"" : ""Asia/Bangkok"",
  ""timezone_abbreviation"" : ""GMT+7"",
  ""elevation"" : 4.0,
  ""daily_units"" : {
    ""time"" : ""iso8601"",
    ""temperature_2m_mean"" : ""°C"",
    ""temperature_2m_max"" : ""°C"",
    ""precipitation_sum"" : ""mm"",
    ""weather_code"" : ""wmo code""
  },
  ""daily"" : {
    ""time"" : [ ""2026-09-01"", ""2026-09-02"", ""2026-09-03"", ""2026-09-04"", ""2026-09-05"", ""2026-09-06"", ""2026-09-07"", ""2026-09-08"", ""2026-09-09"", ""2026-09-10"", ""2026-09-11"", ""2026-09-12"", ""2026-09-13"", ""2026-09-14"", ""2026-09-15"" ],
    ""temperature_2m_mean"" : [ 27.6, 28.2, 29.2, 29.6, 29.6, 28.8, 28.4, 28.6, 28.9, 27.6, 27.0, 26.9, 28.1, 27.5, 26.5 ],
    ""temperature_2m_max"" : [ 31.4, 32.7, 34.3, 34.2, 35.4, 35.4, 32.8, 32.5, 33.3, 31.5, 31.9, 31.8, 31.5, 30.0, 30.2 ],
    ""precipitation_sum"" : [ 3.10, 9.40, 5.40, 0.30, 1.70, 11.70, 6.40, 14.80, 6.50, 14.80, 7.20, 20.80, 5.30, 4.80, 25.40 ],
    ""weather_code"" : [ 61, 63, 63, 51, 53, 63, 61, 63, 63, 63, 61, 63, 61, 61, 63 ]
  }
}",29.6,35.4,1.7,53,"Available","Light Rain","Normal"
"S017","2026-09-06","B02","P003",8,0,"Cocoa","Drink",55,440,440,"Bangkok",13.7563,100.5018,"https://archive-api.open-meteo.com/v1/archive?latitude=13.7563&longitude=100.5018&start_date=2026-09-01&end_date=2026-09-15&daily=temperature_2m_mean,temperature_2m_max,precipitation_sum,weather_code&timezone=Asia%2FBangkok",200,"application/json; charset=utf-8","{
  ""latitude"" : 13.743409,
  ""longitude"" : 100.495865,
  ""generationtime_ms"" : 0.17654895782470703,
  ""utc_offset_seconds"" : 25200,
  ""timezone"" : ""Asia/Bangkok"",
  ""timezone_abbreviation"" : ""GMT+7"",
  ""elevation"" : 4.0,
  ""daily_units"" : {
    ""time"" : ""iso8601"",
    ""temperature_2m_mean"" : ""°C"",
    ""temperature_2m_max"" : ""°C"",
    ""precipitation_sum"" : ""mm"",
    ""weather_code"" : ""wmo code""
  },
  ""daily"" : {
    ""time"" : [ ""2026-09-01"", ""2026-09-02"", ""2026-09-03"", ""2026-09-04"", ""2026-09-05"", ""2026-09-06"", ""2026-09-07"", ""2026-09-08"", ""2026-09-09"", ""2026-09-10"", ""2026-09-11"", ""2026-09-12"", ""2026-09-13"", ""2026-09-14"", ""2026-09-15"" ],
    ""temperature_2m_mean"" : [ 27.6, 28.2, 29.2, 29.6, 29.6, 28.8, 28.4, 28.6, 28.9, 27.6, 27.0, 26.9, 28.1, 27.5, 26.5 ],
    ""temperature_2m_max"" : [ 31.4, 32.7, 34.3, 34.2, 35.4, 35.4, 32.8, 32.5, 33.3, 31.5, 31.9, 31.8, 31.5, 30.0, 30.2 ],
    ""precipitation_sum"" : [ 3.10, 9.40, 5.40, 0.30, 1.70, 11.70, 6.40, 14.80, 6.50, 14.80, 7.20, 20.80, 5.30, 4.80, 25.40 ],
    ""weather_code"" : [ 61, 63, 63, 51, 53, 63, 61, 63, 63, 63, 61, 63, 61, 61, 63 ]
  }
}",28.8,35.4,11.7,63,"Available","Heavy Rain","Normal"
"S020","2026-09-07","B02","P008",14,0,"Water","Drink",25,350,350,"Bangkok",13.7563,100.5018,"https://archive-api.open-meteo.com/v1/archive?latitude=13.7563&longitude=100.5018&start_date=2026-09-01&end_date=2026-09-15&daily=temperature_2m_mean,temperature_2m_max,precipitation_sum,weather_code&timezone=Asia%2FBangkok",200,"application/json; charset=utf-8","{
  ""latitude"" : 13.743409,
  ""longitude"" : 100.495865,
  ""generationtime_ms"" : 0.17654895782470703,
  ""utc_offset_seconds"" : 25200,
  ""timezone"" : ""Asia/Bangkok"",
  ""timezone_abbreviation"" : ""GMT+7"",
  ""elevation"" : 4.0,
  ""daily_units"" : {
    ""time"" : ""iso8601"",
    ""temperature_2m_mean"" : ""°C"",
    ""temperature_2m_max"" : ""°C"",
    ""precipitation_sum"" : ""mm"",
    ""weather_code"" : ""wmo code""
  },
  ""daily"" : {
    ""time"" : [ ""2026-09-01"", ""2026-09-02"", ""2026-09-03"", ""2026-09-04"", ""2026-09-05"", ""2026-09-06"", ""2026-09-07"", ""2026-09-08"", ""2026-09-09"", ""2026-09-10"", ""2026-09-11"", ""2026-09-12"", ""2026-09-13"", ""2026-09-14"", ""2026-09-15"" ],
    ""temperature_2m_mean"" : [ 27.6, 28.2, 29.2, 29.6, 29.6, 28.8, 28.4, 28.6, 28.9, 27.6, 27.0, 26.9, 28.1, 27.5, 26.5 ],
    ""temperature_2m_max"" : [ 31.4, 32.7, 34.3, 34.2, 35.4, 35.4, 32.8, 32.5, 33.3, 31.5, 31.9, 31.8, 31.5, 30.0, 30.2 ],
    ""precipitation_sum"" : [ 3.10, 9.40, 5.40, 0.30, 1.70, 11.70, 6.40, 14.80, 6.50, 14.80, 7.20, 20.80, 5.30, 4.80, 25.40 ],
    ""weather_code"" : [ 61, 63, 63, 51, 53, 63, 61, 63, 63, 63, 61, 63, 61, 61, 63 ]
  }
}",28.4,32.8,6.4,61,"Available","Light Rain","Normal"
"S023","2026-09-08","B02","P002",9,0,"Tea","Drink",45,405,405,"Bangkok",13.7563,100.5018,"https://archive-api.open-meteo.com/v1/archive?latitude=13.7563&longitude=100.5018&start_date=2026-09-01&end_date=2026-09-15&daily=temperature_2m_mean,temperature_2m_max,precipitation_sum,weather_code&timezone=Asia%2FBangkok",200,"application/json; charset=utf-8","{
  ""latitude"" : 13.743409,
  ""longitude"" : 100.495865,
  ""generationtime_ms"" : 0.17654895782470703,
  ""utc_offset_seconds"" : 25200,
  ""timezone"" : ""Asia/Bangkok"",
  ""timezone_abbreviation"" : ""GMT+7"",
  ""elevation"" : 4.0,
  ""daily_units"" : {
    ""time"" : ""iso8601"",
    ""temperature_2m_mean"" : ""°C"",
    ""temperature_2m_max"" : ""°C"",
    ""precipitation_sum"" : ""mm"",
    ""weather_code"" : ""wmo code""
  },
  ""daily"" : {
    ""time"" : [ ""2026-09-01"", ""2026-09-02"", ""2026-09-03"", ""2026-09-04"", ""2026-09-05"", ""2026-09-06"", ""2026-09-07"", ""2026-09-08"", ""2026-09-09"", ""2026-09-10"", ""2026-09-11"", ""2026-09-12"", ""2026-09-13"", ""2026-09-14"", ""2026-09-15"" ],
    ""temperature_2m_mean"" : [ 27.6, 28.2, 29.2, 29.6, 29.6, 28.8, 28.4, 28.6, 28.9, 27.6, 27.0, 26.9, 28.1, 27.5, 26.5 ],
    ""temperature_2m_max"" : [ 31.4, 32.7, 34.3, 34.2, 35.4, 35.4, 32.8, 32.5, 33.3, 31.5, 31.9, 31.8, 31.5, 30.0, 30.2 ],
    ""precipitation_sum"" : [ 3.10, 9.40, 5.40, 0.30, 1.70, 11.70, 6.40, 14.80, 6.50, 14.80, 7.20, 20.80, 5.30, 4.80, 25.40 ],
    ""weather_code"" : [ 61, 63, 63, 51, 53, 63, 61, 63, 63, 63, 61, 63, 61, 61, 63 ]
  }
}",28.6,32.5,14.8,63,"Available","Heavy Rain","Normal"
"S026","2026-09-09","B02","P004",6,5,"Croissant","Bakery",50,300,295,"Bangkok",13.7563,100.5018,"https://archive-api.open-meteo.com/v1/archive?latitude=13.7563&longitude=100.5018&start_date=2026-09-01&end_date=2026-09-15&daily=temperature_2m_mean,temperature_2m_max,precipitation_sum,weather_code&timezone=Asia%2FBangkok",200,"application/json; charset=utf-8","{
  ""latitude"" : 13.743409,
  ""longitude"" : 100.495865,
  ""generationtime_ms"" : 0.17654895782470703,
  ""utc_offset_seconds"" : 25200,
  ""timezone"" : ""Asia/Bangkok"",
  ""timezone_abbreviation"" : ""GMT+7"",
  ""elevation"" : 4.0,
  ""daily_units"" : {
    ""time"" : ""iso8601"",
    ""temperature_2m_mean"" : ""°C"",
    ""temperature_2m_max"" : ""°C"",
    ""precipitation_sum"" : ""mm"",
    ""weather_code"" : ""wmo code""
  },
  ""daily"" : {
    ""time"" : [ ""2026-09-01"", ""2026-09-02"", ""2026-09-03"", ""2026-09-04"", ""2026-09-05"", ""2026-09-06"", ""2026-09-07"", ""2026-09-08"", ""2026-09-09"", ""2026-09-10"", ""2026-09-11"", ""2026-09-12"", ""2026-09-13"", ""2026-09-14"", ""2026-09-15"" ],
    ""temperature_2m_mean"" : [ 27.6, 28.2, 29.2, 29.6, 29.6, 28.8, 28.4, 28.6, 28.9, 27.6, 27.0, 26.9, 28.1, 27.5, 26.5 ],
    ""temperature_2m_max"" : [ 31.4, 32.7, 34.3, 34.2, 35.4, 35.4, 32.8, 32.5, 33.3, 31.5, 31.9, 31.8, 31.5, 30.0, 30.2 ],
    ""precipitation_sum"" : [ 3.10, 9.40, 5.40, 0.30, 1.70, 11.70, 6.40, 14.80, 6.50, 14.80, 7.20, 20.80, 5.30, 4.80, 25.40 ],
    ""weather_code"" : [ 61, 63, 63, 51, 53, 63, 61, 63, 63, 63, 61, 63, 61, 61, 63 ]
  }
}",28.9,33.3,6.5,63,"Available","Light Rain","Normal"
"S029","2026-09-10","B02","P001",10,5,"Coffee","Drink",60,600,595,"Bangkok",13.7563,100.5018,"https://archive-api.open-meteo.com/v1/archive?latitude=13.7563&longitude=100.5018&start_date=2026-09-01&end_date=2026-09-15&daily=temperature_2m_mean,temperature_2m_max,precipitation_sum,weather_code&timezone=Asia%2FBangkok",200,"application/json; charset=utf-8","{
  ""latitude"" : 13.743409,
  ""longitude"" : 100.495865,
  ""generationtime_ms"" : 0.17654895782470703,
  ""utc_offset_seconds"" : 25200,
  ""timezone"" : ""Asia/Bangkok"",
  ""timezone_abbreviation"" : ""GMT+7"",
  ""elevation"" : 4.0,
  ""daily_units"" : {
    ""time"" : ""iso8601"",
    ""temperature_2m_mean"" : ""°C"",
    ""temperature_2m_max"" : ""°C"",
    ""precipitation_sum"" : ""mm"",
    ""weather_code"" : ""wmo code""
  },
  ""daily"" : {
    ""time"" : [ ""2026-09-01"", ""2026-09-02"", ""2026-09-03"", ""2026-09-04"", ""2026-09-05"", ""2026-09-06"", ""2026-09-07"", ""2026-09-08"", ""2026-09-09"", ""2026-09-10"", ""2026-09-11"", ""2026-09-12"", ""2026-09-13"", ""2026-09-14"", ""2026-09-15"" ],
    ""temperature_2m_mean"" : [ 27.6, 28.2, 29.2, 29.6, 29.6, 28.8, 28.4, 28.6, 28.9, 27.6, 27.0, 26.9, 28.1, 27.5, 26.5 ],
    ""temperature_2m_max"" : [ 31.4, 32.7, 34.3, 34.2, 35.4, 35.4, 32.8, 32.5, 33.3, 31.5, 31.9, 31.8, 31.5, 30.0, 30.2 ],
    ""precipitation_sum"" : [ 3.10, 9.40, 5.40, 0.30, 1.70, 11.70, 6.40, 14.80, 6.50, 14.80, 7.20, 20.80, 5.30, 4.80, 25.40 ],
    ""weather_code"" : [ 61, 63, 63, 51, 53, 63, 61, 63, 63, 63, 61, 63, 61, 61, 63 ]
  }
}",27.6,31.5,14.8,63,"Available","Heavy Rain","Cool"
"S032","2026-09-11","B02","P002",7,0,"Tea","Drink",45,315,315,"Bangkok",13.7563,100.5018,"https://archive-api.open-meteo.com/v1/archive?latitude=13.7563&longitude=100.5018&start_date=2026-09-01&end_date=2026-09-15&daily=temperature_2m_mean,temperature_2m_max,precipitation_sum,weather_code&timezone=Asia%2FBangkok",200,"application/json; charset=utf-8","{
  ""latitude"" : 13.743409,
  ""longitude"" : 100.495865,
  ""generationtime_ms"" : 0.17654895782470703,
  ""utc_offset_seconds"" : 25200,
  ""timezone"" : ""Asia/Bangkok"",
  ""timezone_abbreviation"" : ""GMT+7"",
  ""elevation"" : 4.0,
  ""daily_units"" : {
    ""time"" : ""iso8601"",
    ""temperature_2m_mean"" : ""°C"",
    ""temperature_2m_max"" : ""°C"",
    ""precipitation_sum"" : ""mm"",
    ""weather_code"" : ""wmo code""
  },
  ""daily"" : {
    ""time"" : [ ""2026-09-01"", ""2026-09-02"", ""2026-09-03"", ""2026-09-04"", ""2026-09-05"", ""2026-09-06"", ""2026-09-07"", ""2026-09-08"", ""2026-09-09"", ""2026-09-10"", ""2026-09-11"", ""2026-09-12"", ""2026-09-13"", ""2026-09-14"", ""2026-09-15"" ],
    ""temperature_2m_mean"" : [ 27.6, 28.2, 29.2, 29.6, 29.6, 28.8, 28.4, 28.6, 28.9, 27.6, 27.0, 26.9, 28.1, 27.5, 26.5 ],
    ""temperature_2m_max"" : [ 31.4, 32.7, 34.3, 34.2, 35.4, 35.4, 32.8, 32.5, 33.3, 31.5, 31.9, 31.8, 31.5, 30.0, 30.2 ],
    ""precipitation_sum"" : [ 3.10, 9.40, 5.40, 0.30, 1.70, 11.70, 6.40, 14.80, 6.50, 14.80, 7.20, 20.80, 5.30, 4.80, 25.40 ],
    ""weather_code"" : [ 61, 63, 63, 51, 53, 63, 61, 63, 63, 63, 61, 63, 61, 61, 63 ]
  }
}",27,31.9,7.2,61,"Available","Light Rain","Cool"
"S035","2026-09-12","B02","P005",5,10,"Cake","Bakery",80,400,390,"Bangkok",13.7563,100.5018,"https://archive-api.open-meteo.com/v1/archive?latitude=13.7563&longitude=100.5018&start_date=2026-09-01&end_date=2026-09-15&daily=temperature_2m_mean,temperature_2m_max,precipitation_sum,weather_code&timezone=Asia%2FBangkok",200,"application/json; charset=utf-8","{
  ""latitude"" : 13.743409,
  ""longitude"" : 100.495865,
  ""generationtime_ms"" : 0.17654895782470703,
  ""utc_offset_seconds"" : 25200,
  ""timezone"" : ""Asia/Bangkok"",
  ""timezone_abbreviation"" : ""GMT+7"",
  ""elevation"" : 4.0,
  ""daily_units"" : {
    ""time"" : ""iso8601"",
    ""temperature_2m_mean"" : ""°C"",
    ""temperature_2m_max"" : ""°C"",
    ""precipitation_sum"" : ""mm"",
    ""weather_code"" : ""wmo code""
  },
  ""daily"" : {
    ""time"" : [ ""2026-09-01"", ""2026-09-02"", ""2026-09-03"", ""2026-09-04"", ""2026-09-05"", ""2026-09-06"", ""2026-09-07"", ""2026-09-08"", ""2026-09-09"", ""2026-09-10"", ""2026-09-11"", ""2026-09-12"", ""2026-09-13"", ""2026-09-14"", ""2026-09-15"" ],
    ""temperature_2m_mean"" : [ 27.6, 28.2, 29.2, 29.6, 29.6, 28.8, 28.4, 28.6, 28.9, 27.6, 27.0, 26.9, 28.1, 27.5, 26.5 ],
    ""temperature_2m_max"" : [ 31.4, 32.7, 34.3, 34.2, 35.4, 35.4, 32.8, 32.5, 33.3, 31.5, 31.9, 31.8, 31.5, 30.0, 30.2 ],
    ""precipitation_sum"" : [ 3.10, 9.40, 5.40, 0.30, 1.70, 11.70, 6.40, 14.80, 6.50, 14.80, 7.20, 20.80, 5.30, 4.80, 25.40 ],
    ""weather_code"" : [ 61, 63, 63, 51, 53, 63, 61, 63, 63, 63, 61, 63, 61, 61, 63 ]
  }
}",26.9,31.8,20.8,63,"Available","Heavy Rain","Cool"
"S038","2026-09-13","B02","P006",8,5,"Sandwich","Snack",70,560,555,"Bangkok",13.7563,100.5018,"https://archive-api.open-meteo.com/v1/archive?latitude=13.7563&longitude=100.5018&start_date=2026-09-01&end_date=2026-09-15&daily=temperature_2m_mean,temperature_2m_max,precipitation_sum,weather_code&timezone=Asia%2FBangkok",200,"application/json; charset=utf-8","{
  ""latitude"" : 13.743409,
  ""longitude"" : 100.495865,
  ""generationtime_ms"" : 0.17654895782470703,
  ""utc_offset_seconds"" : 25200,
  ""timezone"" : ""Asia/Bangkok"",
  ""timezone_abbreviation"" : ""GMT+7"",
  ""elevation"" : 4.0,
  ""daily_units"" : {
    ""time"" : ""iso8601"",
    ""temperature_2m_mean"" : ""°C"",
    ""temperature_2m_max"" : ""°C"",
    ""precipitation_sum"" : ""mm"",
    ""weather_code"" : ""wmo code""
  },
  ""daily"" : {
    ""time"" : [ ""2026-09-01"", ""2026-09-02"", ""2026-09-03"", ""2026-09-04"", ""2026-09-05"", ""2026-09-06"", ""2026-09-07"", ""2026-09-08"", ""2026-09-09"", ""2026-09-10"", ""2026-09-11"", ""2026-09-12"", ""2026-09-13"", ""2026-09-14"", ""2026-09-15"" ],
    ""temperature_2m_mean"" : [ 27.6, 28.2, 29.2, 29.6, 29.6, 28.8, 28.4, 28.6, 28.9, 27.6, 27.0, 26.9, 28.1, 27.5, 26.5 ],
    ""temperature_2m_max"" : [ 31.4, 32.7, 34.3, 34.2, 35.4, 35.4, 32.8, 32.5, 33.3, 31.5, 31.9, 31.8, 31.5, 30.0, 30.2 ],
    ""precipitation_sum"" : [ 3.10, 9.40, 5.40, 0.30, 1.70, 11.70, 6.40, 14.80, 6.50, 14.80, 7.20, 20.80, 5.30, 4.80, 25.40 ],
    ""weather_code"" : [ 61, 63, 63, 51, 53, 63, 61, 63, 63, 63, 61, 63, 61, 61, 63 ]
  }
}",28.1,31.5,5.3,61,"Available","Light Rain","Normal"
"S041","2026-09-14","B02","P003",6,0,"Cocoa","Drink",55,330,330,"Bangkok",13.7563,100.5018,"https://archive-api.open-meteo.com/v1/archive?latitude=13.7563&longitude=100.5018&start_date=2026-09-01&end_date=2026-09-15&daily=temperature_2m_mean,temperature_2m_max,precipitation_sum,weather_code&timezone=Asia%2FBangkok",200,"application/json; charset=utf-8","{
  ""latitude"" : 13.743409,
  ""longitude"" : 100.495865,
  ""generationtime_ms"" : 0.17654895782470703,
  ""utc_offset_seconds"" : 25200,
  ""timezone"" : ""Asia/Bangkok"",
  ""timezone_abbreviation"" : ""GMT+7"",
  ""elevation"" : 4.0,
  ""daily_units"" : {
    ""time"" : ""iso8601"",
    ""temperature_2m_mean"" : ""°C"",
    ""temperature_2m_max"" : ""°C"",
    ""precipitation_sum"" : ""mm"",
    ""weather_code"" : ""wmo code""
  },
  ""daily"" : {
    ""time"" : [ ""2026-09-01"", ""2026-09-02"", ""2026-09-03"", ""2026-09-04"", ""2026-09-05"", ""2026-09-06"", ""2026-09-07"", ""2026-09-08"", ""2026-09-09"", ""2026-09-10"", ""2026-09-11"", ""2026-09-12"", ""2026-09-13"", ""2026-09-14"", ""2026-09-15"" ],
    ""temperature_2m_mean"" : [ 27.6, 28.2, 29.2, 29.6, 29.6, 28.8, 28.4, 28.6, 28.9, 27.6, 27.0, 26.9, 28.1, 27.5, 26.5 ],
    ""temperature_2m_max"" : [ 31.4, 32.7, 34.3, 34.2, 35.4, 35.4, 32.8, 32.5, 33.3, 31.5, 31.9, 31.8, 31.5, 30.0, 30.2 ],
    ""precipitation_sum"" : [ 3.10, 9.40, 5.40, 0.30, 1.70, 11.70, 6.40, 14.80, 6.50, 14.80, 7.20, 20.80, 5.30, 4.80, 25.40 ],
    ""weather_code"" : [ 61, 63, 63, 51, 53, 63, 61, 63, 63, 63, 61, 63, 61, 61, 63 ]
  }
}",27.5,30,4.8,61,"Available","Light Rain","Cool"
"S003","2026-09-01","B03","P006",7,0,"Sandwich","Snack",70,490,490,"Rayong",12.6814,101.2816,"https://archive-api.open-meteo.com/v1/archive?latitude=12.6814&longitude=101.2816&start_date=2026-09-01&end_date=2026-09-15&daily=temperature_2m_mean,temperature_2m_max,precipitation_sum,weather_code&timezone=Asia%2FBangkok",200,"application/json; charset=utf-8","{
  ""latitude"" : 12.688928,
  ""longitude"" : 101.25,
  ""generationtime_ms"" : 0.8095502853393555,
  ""utc_offset_seconds"" : 25200,
  ""timezone"" : ""Asia/Bangkok"",
  ""timezone_abbreviation"" : ""GMT+7"",
  ""elevation"" : 9.0,
  ""daily_units"" : {
    ""time"" : ""iso8601"",
    ""temperature_2m_mean"" : ""°C"",
    ""temperature_2m_max"" : ""°C"",
    ""precipitation_sum"" : ""mm"",
    ""weather_code"" : ""wmo code""
  },
  ""daily"" : {
    ""time"" : [ ""2026-09-01"", ""2026-09-02"", ""2026-09-03"", ""2026-09-04"", ""2026-09-05"", ""2026-09-06"", ""2026-09-07"", ""2026-09-08"", ""2026-09-09"", ""2026-09-10"", ""2026-09-11"", ""2026-09-12"", ""2026-09-13"", ""2026-09-14"", ""2026-09-15"" ],
    ""temperature_2m_mean"" : [ 28.5, 29.0, 29.6, 29.1, 29.3, 29.2, 29.1, 29.6, 29.4, 28.7, 26.5, 26.7, 27.5, 27.5, 28.1 ],
    ""temperature_2m_max"" : [ 30.9, 31.2, 32.5, 32.4, 32.1, 31.0, 31.2, 31.5, 31.1, 32.1, 30.1, 30.3, 31.4, 31.0, 31.0 ],
    ""precipitation_sum"" : [ 2.60, 4.30, 0.90, 4.40, 0.50, 5.50, 2.80, 6.90, 3.10, 17.90, 13.90, 35.10, 10.30, 10.70, 12.70 ],
    ""weather_code"" : [ 53, 63, 51, 63, 51, 63, 55, 63, 55, 65, 63, 63, 61, 63, 63 ]
  }
}",28.5,30.9,2.6,53,"Available","Light Rain","Normal"
"S006","2026-09-02","B03","P007",6,0,"Salad","Snack",65,390,390,"Rayong",12.6814,101.2816,"https://archive-api.open-meteo.com/v1/archive?latitude=12.6814&longitude=101.2816&start_date=2026-09-01&end_date=2026-09-15&daily=temperature_2m_mean,temperature_2m_max,precipitation_sum,weather_code&timezone=Asia%2FBangkok",200,"application/json; charset=utf-8","{
  ""latitude"" : 12.688928,
  ""longitude"" : 101.25,
  ""generationtime_ms"" : 0.8095502853393555,
  ""utc_offset_seconds"" : 25200,
  ""timezone"" : ""Asia/Bangkok"",
  ""timezone_abbreviation"" : ""GMT+7"",
  ""elevation"" : 9.0,
  ""daily_units"" : {
    ""time"" : ""iso8601"",
    ""temperature_2m_mean"" : ""°C"",
    ""temperature_2m_max"" : ""°C"",
    ""precipitation_sum"" : ""mm"",
    ""weather_code"" : ""wmo code""
  },
  ""daily"" : {
    ""time"" : [ ""2026-09-01"", ""2026-09-02"", ""2026-09-03"", ""2026-09-04"", ""2026-09-05"", ""2026-09-06"", ""2026-09-07"", ""2026-09-08"", ""2026-09-09"", ""2026-09-10"", ""2026-09-11"", ""2026-09-12"", ""2026-09-13"", ""2026-09-14"", ""2026-09-15"" ],
    ""temperature_2m_mean"" : [ 28.5, 29.0, 29.6, 29.1, 29.3, 29.2, 29.1, 29.6, 29.4, 28.7, 26.5, 26.7, 27.5, 27.5, 28.1 ],
    ""temperature_2m_max"" : [ 30.9, 31.2, 32.5, 32.4, 32.1, 31.0, 31.2, 31.5, 31.1, 32.1, 30.1, 30.3, 31.4, 31.0, 31.0 ],
    ""precipitation_sum"" : [ 2.60, 4.30, 0.90, 4.40, 0.50, 5.50, 2.80, 6.90, 3.10, 17.90, 13.90, 35.10, 10.30, 10.70, 12.70 ],
    ""weather_code"" : [ 53, 63, 51, 63, 51, 63, 55, 63, 55, 65, 63, 63, 61, 63, 63 ]
  }
}",29,31.2,4.3,63,"Available","Light Rain","Normal"
"S009","2026-09-03","B03","P008",12,0,"Water","Drink",25,300,300,"Rayong",12.6814,101.2816,"https://archive-api.open-meteo.com/v1/archive?latitude=12.6814&longitude=101.2816&start_date=2026-09-01&end_date=2026-09-15&daily=temperature_2m_mean,temperature_2m_max,precipitation_sum,weather_code&timezone=Asia%2FBangkok",200,"application/json; charset=utf-8","{
  ""latitude"" : 12.688928,
  ""longitude"" : 101.25,
  ""generationtime_ms"" : 0.8095502853393555,
  ""utc_offset_seconds"" : 25200,
  ""timezone"" : ""Asia/Bangkok"",
  ""timezone_abbreviation"" : ""GMT+7"",
  ""elevation"" : 9.0,
  ""daily_units"" : {
    ""time"" : ""iso8601"",
    ""temperature_2m_mean"" : ""°C"",
    ""temperature_2m_max"" : ""°C"",
    ""precipitation_sum"" : ""mm"",
    ""weather_code"" : ""wmo code""
  },
  ""daily"" : {
    ""time"" : [ ""2026-09-01"", ""2026-09-02"", ""2026-09-03"", ""2026-09-04"", ""2026-09-05"", ""2026-09-06"", ""2026-09-07"", ""2026-09-08"", ""2026-09-09"", ""2026-09-10"", ""2026-09-11"", ""2026-09-12"", ""2026-09-13"", ""2026-09-14"", ""2026-09-15"" ],
    ""temperature_2m_mean"" : [ 28.5, 29.0, 29.6, 29.1, 29.3, 29.2, 29.1, 29.6, 29.4, 28.7, 26.5, 26.7, 27.5, 27.5, 28.1 ],
    ""temperature_2m_max"" : [ 30.9, 31.2, 32.5, 32.4, 32.1, 31.0, 31.2, 31.5, 31.1, 32.1, 30.1, 30.3, 31.4, 31.0, 31.0 ],
    ""precipitation_sum"" : [ 2.60, 4.30, 0.90, 4.40, 0.50, 5.50, 2.80, 6.90, 3.10, 17.90, 13.90, 35.10, 10.30, 10.70, 12.70 ],
    ""weather_code"" : [ 53, 63, 51, 63, 51, 63, 55, 63, 55, 65, 63, 63, 61, 63, 63 ]
  }
}",29.6,32.5,0.9,51,"Available","Light Rain","Normal"
"S012","2026-09-04","B03","P002",8,0,"Tea","Drink",45,360,360,"Rayong",12.6814,101.2816,"https://archive-api.open-meteo.com/v1/archive?latitude=12.6814&longitude=101.2816&start_date=2026-09-01&end_date=2026-09-15&daily=temperature_2m_mean,temperature_2m_max,precipitation_sum,weather_code&timezone=Asia%2FBangkok",200,"application/json; charset=utf-8","{
  ""latitude"" : 12.688928,
  ""longitude"" : 101.25,
  ""generationtime_ms"" : 0.8095502853393555,
  ""utc_offset_seconds"" : 25200,
  ""timezone"" : ""Asia/Bangkok"",
  ""timezone_abbreviation"" : ""GMT+7"",
  ""elevation"" : 9.0,
  ""daily_units"" : {
    ""time"" : ""iso8601"",
    ""temperature_2m_mean"" : ""°C"",
    ""temperature_2m_max"" : ""°C"",
    ""precipitation_sum"" : ""mm"",
    ""weather_code"" : ""wmo code""
  },
  ""daily"" : {
    ""time"" : [ ""2026-09-01"", ""2026-09-02"", ""2026-09-03"", ""2026-09-04"", ""2026-09-05"", ""2026-09-06"", ""2026-09-07"", ""2026-09-08"", ""2026-09-09"", ""2026-09-10"", ""2026-09-11"", ""2026-09-12"", ""2026-09-13"", ""2026-09-14"", ""2026-09-15"" ],
    ""temperature_2m_mean"" : [ 28.5, 29.0, 29.6, 29.1, 29.3, 29.2, 29.1, 29.6, 29.4, 28.7, 26.5, 26.7, 27.5, 27.5, 28.1 ],
    ""temperature_2m_max"" : [ 30.9, 31.2, 32.5, 32.4, 32.1, 31.0, 31.2, 31.5, 31.1, 32.1, 30.1, 30.3, 31.4, 31.0, 31.0 ],
    ""precipitation_sum"" : [ 2.60, 4.30, 0.90, 4.40, 0.50, 5.50, 2.80, 6.90, 3.10, 17.90, 13.90, 35.10, 10.30, 10.70, 12.70 ],
    ""weather_code"" : [ 53, 63, 51, 63, 51, 63, 55, 63, 55, 65, 63, 63, 61, 63, 63 ]
  }
}",29.1,32.4,4.4,63,"Available","Light Rain","Normal"
"S015","2026-09-05","B03","P001",10,5,"Coffee","Drink",60,600,595,"Rayong",12.6814,101.2816,"https://archive-api.open-meteo.com/v1/archive?latitude=12.6814&longitude=101.2816&start_date=2026-09-01&end_date=2026-09-15&daily=temperature_2m_mean,temperature_2m_max,precipitation_sum,weather_code&timezone=Asia%2FBangkok",200,"application/json; charset=utf-8","{
  ""latitude"" : 12.688928,
  ""longitude"" : 101.25,
  ""generationtime_ms"" : 0.8095502853393555,
  ""utc_offset_seconds"" : 25200,
  ""timezone"" : ""Asia/Bangkok"",
  ""timezone_abbreviation"" : ""GMT+7"",
  ""elevation"" : 9.0,
  ""daily_units"" : {
    ""time"" : ""iso8601"",
    ""temperature_2m_mean"" : ""°C"",
    ""temperature_2m_max"" : ""°C"",
    ""precipitation_sum"" : ""mm"",
    ""weather_code"" : ""wmo code""
  },
  ""daily"" : {
    ""time"" : [ ""2026-09-01"", ""2026-09-02"", ""2026-09-03"", ""2026-09-04"", ""2026-09-05"", ""2026-09-06"", ""2026-09-07"", ""2026-09-08"", ""2026-09-09"", ""2026-09-10"", ""2026-09-11"", ""2026-09-12"", ""2026-09-13"", ""2026-09-14"", ""2026-09-15"" ],
    ""temperature_2m_mean"" : [ 28.5, 29.0, 29.6, 29.1, 29.3, 29.2, 29.1, 29.6, 29.4, 28.7, 26.5, 26.7, 27.5, 27.5, 28.1 ],
    ""temperature_2m_max"" : [ 30.9, 31.2, 32.5, 32.4, 32.1, 31.0, 31.2, 31.5, 31.1, 32.1, 30.1, 30.3, 31.4, 31.0, 31.0 ],
    ""precipitation_sum"" : [ 2.60, 4.30, 0.90, 4.40, 0.50, 5.50, 2.80, 6.90, 3.10, 17.90, 13.90, 35.10, 10.30, 10.70, 12.70 ],
    ""weather_code"" : [ 53, 63, 51, 63, 51, 63, 55, 63, 55, 65, 63, 63, 61, 63, 63 ]
  }
}",29.3,32.1,0.5,51,"Available","Light Rain","Normal"
"S018","2026-09-06","B03","P004",9,10,"Croissant","Bakery",50,450,440,"Rayong",12.6814,101.2816,"https://archive-api.open-meteo.com/v1/archive?latitude=12.6814&longitude=101.2816&start_date=2026-09-01&end_date=2026-09-15&daily=temperature_2m_mean,temperature_2m_max,precipitation_sum,weather_code&timezone=Asia%2FBangkok",200,"application/json; charset=utf-8","{
  ""latitude"" : 12.688928,
  ""longitude"" : 101.25,
  ""generationtime_ms"" : 0.8095502853393555,
  ""utc_offset_seconds"" : 25200,
  ""timezone"" : ""Asia/Bangkok"",
  ""timezone_abbreviation"" : ""GMT+7"",
  ""elevation"" : 9.0,
  ""daily_units"" : {
    ""time"" : ""iso8601"",
    ""temperature_2m_mean"" : ""°C"",
    ""temperature_2m_max"" : ""°C"",
    ""precipitation_sum"" : ""mm"",
    ""weather_code"" : ""wmo code""
  },
  ""daily"" : {
    ""time"" : [ ""2026-09-01"", ""2026-09-02"", ""2026-09-03"", ""2026-09-04"", ""2026-09-05"", ""2026-09-06"", ""2026-09-07"", ""2026-09-08"", ""2026-09-09"", ""2026-09-10"", ""2026-09-11"", ""2026-09-12"", ""2026-09-13"", ""2026-09-14"", ""2026-09-15"" ],
    ""temperature_2m_mean"" : [ 28.5, 29.0, 29.6, 29.1, 29.3, 29.2, 29.1, 29.6, 29.4, 28.7, 26.5, 26.7, 27.5, 27.5, 28.1 ],
    ""temperature_2m_max"" : [ 30.9, 31.2, 32.5, 32.4, 32.1, 31.0, 31.2, 31.5, 31.1, 32.1, 30.1, 30.3, 31.4, 31.0, 31.0 ],
    ""precipitation_sum"" : [ 2.60, 4.30, 0.90, 4.40, 0.50, 5.50, 2.80, 6.90, 3.10, 17.90, 13.90, 35.10, 10.30, 10.70, 12.70 ],
    ""weather_code"" : [ 53, 63, 51, 63, 51, 63, 55, 63, 55, 65, 63, 63, 61, 63, 63 ]
  }
}",29.2,31,5.5,63,"Available","Light Rain","Normal"
"S021","2026-09-07","B03","P005",5,5,"Cake","Bakery",80,400,395,"Rayong",12.6814,101.2816,"https://archive-api.open-meteo.com/v1/archive?latitude=12.6814&longitude=101.2816&start_date=2026-09-01&end_date=2026-09-15&daily=temperature_2m_mean,temperature_2m_max,precipitation_sum,weather_code&timezone=Asia%2FBangkok",200,"application/json; charset=utf-8","{
  ""latitude"" : 12.688928,
  ""longitude"" : 101.25,
  ""generationtime_ms"" : 0.8095502853393555,
  ""utc_offset_seconds"" : 25200,
  ""timezone"" : ""Asia/Bangkok"",
  ""timezone_abbreviation"" : ""GMT+7"",
  ""elevation"" : 9.0,
  ""daily_units"" : {
    ""time"" : ""iso8601"",
    ""temperature_2m_mean"" : ""°C"",
    ""temperature_2m_max"" : ""°C"",
    ""precipitation_sum"" : ""mm"",
    ""weather_code"" : ""wmo code""
  },
  ""daily"" : {
    ""time"" : [ ""2026-09-01"", ""2026-09-02"", ""2026-09-03"", ""2026-09-04"", ""2026-09-05"", ""2026-09-06"", ""2026-09-07"", ""2026-09-08"", ""2026-09-09"", ""2026-09-10"", ""2026-09-11"", ""2026-09-12"", ""2026-09-13"", ""2026-09-14"", ""2026-09-15"" ],
    ""temperature_2m_mean"" : [ 28.5, 29.0, 29.6, 29.1, 29.3, 29.2, 29.1, 29.6, 29.4, 28.7, 26.5, 26.7, 27.5, 27.5, 28.1 ],
    ""temperature_2m_max"" : [ 30.9, 31.2, 32.5, 32.4, 32.1, 31.0, 31.2, 31.5, 31.1, 32.1, 30.1, 30.3, 31.4, 31.0, 31.0 ],
    ""precipitation_sum"" : [ 2.60, 4.30, 0.90, 4.40, 0.50, 5.50, 2.80, 6.90, 3.10, 17.90, 13.90, 35.10, 10.30, 10.70, 12.70 ],
    ""weather_code"" : [ 53, 63, 51, 63, 51, 63, 55, 63, 55, 65, 63, 63, 61, 63, 63 ]
  }
}",29.1,31.2,2.8,55,"Available","Light Rain","Normal"
"S024","2026-09-08","B03","P006",8,5,"Sandwich","Snack",70,560,555,"Rayong",12.6814,101.2816,"https://archive-api.open-meteo.com/v1/archive?latitude=12.6814&longitude=101.2816&start_date=2026-09-01&end_date=2026-09-15&daily=temperature_2m_mean,temperature_2m_max,precipitation_sum,weather_code&timezone=Asia%2FBangkok",200,"application/json; charset=utf-8","{
  ""latitude"" : 12.688928,
  ""longitude"" : 101.25,
  ""generationtime_ms"" : 0.8095502853393555,
  ""utc_offset_seconds"" : 25200,
  ""timezone"" : ""Asia/Bangkok"",
  ""timezone_abbreviation"" : ""GMT+7"",
  ""elevation"" : 9.0,
  ""daily_units"" : {
    ""time"" : ""iso8601"",
    ""temperature_2m_mean"" : ""°C"",
    ""temperature_2m_max"" : ""°C"",
    ""precipitation_sum"" : ""mm"",
    ""weather_code"" : ""wmo code""
  },
  ""daily"" : {
    ""time"" : [ ""2026-09-01"", ""2026-09-02"", ""2026-09-03"", ""2026-09-04"", ""2026-09-05"", ""2026-09-06"", ""2026-09-07"", ""2026-09-08"", ""2026-09-09"", ""2026-09-10"", ""2026-09-11"", ""2026-09-12"", ""2026-09-13"", ""2026-09-14"", ""2026-09-15"" ],
    ""temperature_2m_mean"" : [ 28.5, 29.0, 29.6, 29.1, 29.3, 29.2, 29.1, 29.6, 29.4, 28.7, 26.5, 26.7, 27.5, 27.5, 28.1 ],
    ""temperature_2m_max"" : [ 30.9, 31.2, 32.5, 32.4, 32.1, 31.0, 31.2, 31.5, 31.1, 32.1, 30.1, 30.3, 31.4, 31.0, 31.0 ],
    ""precipitation_sum"" : [ 2.60, 4.30, 0.90, 4.40, 0.50, 5.50, 2.80, 6.90, 3.10, 17.90, 13.90, 35.10, 10.30, 10.70, 12.70 ],
    ""weather_code"" : [ 53, 63, 51, 63, 51, 63, 55, 63, 55, 65, 63, 63, 61, 63, 63 ]
  }
}",29.6,31.5,6.9,63,"Available","Light Rain","Normal"
"S027","2026-09-09","B03","P007",7,0,"Salad","Snack",65,455,455,"Rayong",12.6814,101.2816,"https://archive-api.open-meteo.com/v1/archive?latitude=12.6814&longitude=101.2816&start_date=2026-09-01&end_date=2026-09-15&daily=temperature_2m_mean,temperature_2m_max,precipitation_sum,weather_code&timezone=Asia%2FBangkok",200,"application/json; charset=utf-8","{
  ""latitude"" : 12.688928,
  ""longitude"" : 101.25,
  ""generationtime_ms"" : 0.8095502853393555,
  ""utc_offset_seconds"" : 25200,
  ""timezone"" : ""Asia/Bangkok"",
  ""timezone_abbreviation"" : ""GMT+7"",
  ""elevation"" : 9.0,
  ""daily_units"" : {
    ""time"" : ""iso8601"",
    ""temperature_2m_mean"" : ""°C"",
    ""temperature_2m_max"" : ""°C"",
    ""precipitation_sum"" : ""mm"",
    ""weather_code"" : ""wmo code""
  },
  ""daily"" : {
    ""time"" : [ ""2026-09-01"", ""2026-09-02"", ""2026-09-03"", ""2026-09-04"", ""2026-09-05"", ""2026-09-06"", ""2026-09-07"", ""2026-09-08"", ""2026-09-09"", ""2026-09-10"", ""2026-09-11"", ""2026-09-12"", ""2026-09-13"", ""2026-09-14"", ""2026-09-15"" ],
    ""temperature_2m_mean"" : [ 28.5, 29.0, 29.6, 29.1, 29.3, 29.2, 29.1, 29.6, 29.4, 28.7, 26.5, 26.7, 27.5, 27.5, 28.1 ],
    ""temperature_2m_max"" : [ 30.9, 31.2, 32.5, 32.4, 32.1, 31.0, 31.2, 31.5, 31.1, 32.1, 30.1, 30.3, 31.4, 31.0, 31.0 ],
    ""precipitation_sum"" : [ 2.60, 4.30, 0.90, 4.40, 0.50, 5.50, 2.80, 6.90, 3.10, 17.90, 13.90, 35.10, 10.30, 10.70, 12.70 ],
    ""weather_code"" : [ 53, 63, 51, 63, 51, 63, 55, 63, 55, 65, 63, 63, 61, 63, 63 ]
  }
}",29.4,31.1,3.1,55,"Available","Light Rain","Normal"
"S030","2026-09-10","B03","P008",15,0,"Water","Drink",25,375,375,"Rayong",12.6814,101.2816,"https://archive-api.open-meteo.com/v1/archive?latitude=12.6814&longitude=101.2816&start_date=2026-09-01&end_date=2026-09-15&daily=temperature_2m_mean,temperature_2m_max,precipitation_sum,weather_code&timezone=Asia%2FBangkok",200,"application/json; charset=utf-8","{
  ""latitude"" : 12.688928,
  ""longitude"" : 101.25,
  ""generationtime_ms"" : 0.8095502853393555,
  ""utc_offset_seconds"" : 25200,
  ""timezone"" : ""Asia/Bangkok"",
  ""timezone_abbreviation"" : ""GMT+7"",
  ""elevation"" : 9.0,
  ""daily_units"" : {
    ""time"" : ""iso8601"",
    ""temperature_2m_mean"" : ""°C"",
    ""temperature_2m_max"" : ""°C"",
    ""precipitation_sum"" : ""mm"",
    ""weather_code"" : ""wmo code""
  },
  ""daily"" : {
    ""time"" : [ ""2026-09-01"", ""2026-09-02"", ""2026-09-03"", ""2026-09-04"", ""2026-09-05"", ""2026-09-06"", ""2026-09-07"", ""2026-09-08"", ""2026-09-09"", ""2026-09-10"", ""2026-09-11"", ""2026-09-12"", ""2026-09-13"", ""2026-09-14"", ""2026-09-15"" ],
    ""temperature_2m_mean"" : [ 28.5, 29.0, 29.6, 29.1, 29.3, 29.2, 29.1, 29.6, 29.4, 28.7, 26.5, 26.7, 27.5, 27.5, 28.1 ],
    ""temperature_2m_max"" : [ 30.9, 31.2, 32.5, 32.4, 32.1, 31.0, 31.2, 31.5, 31.1, 32.1, 30.1, 30.3, 31.4, 31.0, 31.0 ],
    ""precipitation_sum"" : [ 2.60, 4.30, 0.90, 4.40, 0.50, 5.50, 2.80, 6.90, 3.10, 17.90, 13.90, 35.10, 10.30, 10.70, 12.70 ],
    ""weather_code"" : [ 53, 63, 51, 63, 51, 63, 55, 63, 55, 65, 63, 63, 61, 63, 63 ]
  }
}",28.7,32.1,17.9,65,"Available","Heavy Rain","Normal"
"S033","2026-09-11","B03","P003",6,0,"Cocoa","Drink",55,330,330,"Rayong",12.6814,101.2816,"https://archive-api.open-meteo.com/v1/archive?latitude=12.6814&longitude=101.2816&start_date=2026-09-01&end_date=2026-09-15&daily=temperature_2m_mean,temperature_2m_max,precipitation_sum,weather_code&timezone=Asia%2FBangkok",200,"application/json; charset=utf-8","{
  ""latitude"" : 12.688928,
  ""longitude"" : 101.25,
  ""generationtime_ms"" : 0.8095502853393555,
  ""utc_offset_seconds"" : 25200,
  ""timezone"" : ""Asia/Bangkok"",
  ""timezone_abbreviation"" : ""GMT+7"",
  ""elevation"" : 9.0,
  ""daily_units"" : {
    ""time"" : ""iso8601"",
    ""temperature_2m_mean"" : ""°C"",
    ""temperature_2m_max"" : ""°C"",
    ""precipitation_sum"" : ""mm"",
    ""weather_code"" : ""wmo code""
  },
  ""daily"" : {
    ""time"" : [ ""2026-09-01"", ""2026-09-02"", ""2026-09-03"", ""2026-09-04"", ""2026-09-05"", ""2026-09-06"", ""2026-09-07"", ""2026-09-08"", ""2026-09-09"", ""2026-09-10"", ""2026-09-11"", ""2026-09-12"", ""2026-09-13"", ""2026-09-14"", ""2026-09-15"" ],
    ""temperature_2m_mean"" : [ 28.5, 29.0, 29.6, 29.1, 29.3, 29.2, 29.1, 29.6, 29.4, 28.7, 26.5, 26.7, 27.5, 27.5, 28.1 ],
    ""temperature_2m_max"" : [ 30.9, 31.2, 32.5, 32.4, 32.1, 31.0, 31.2, 31.5, 31.1, 32.1, 30.1, 30.3, 31.4, 31.0, 31.0 ],
    ""precipitation_sum"" : [ 2.60, 4.30, 0.90, 4.40, 0.50, 5.50, 2.80, 6.90, 3.10, 17.90, 13.90, 35.10, 10.30, 10.70, 12.70 ],
    ""weather_code"" : [ 53, 63, 51, 63, 51, 63, 55, 63, 55, 65, 63, 63, 61, 63, 63 ]
  }
}",26.5,30.1,13.9,63,"Available","Heavy Rain","Cool"
"S039","2026-09-13","B03","P002",9,0,"Tea","Drink",45,405,405,"Rayong",12.6814,101.2816,"https://archive-api.open-meteo.com/v1/archive?latitude=12.6814&longitude=101.2816&start_date=2026-09-01&end_date=2026-09-15&daily=temperature_2m_mean,temperature_2m_max,precipitation_sum,weather_code&timezone=Asia%2FBangkok",200,"application/json; charset=utf-8","{
  ""latitude"" : 12.688928,
  ""longitude"" : 101.25,
  ""generationtime_ms"" : 0.8095502853393555,
  ""utc_offset_seconds"" : 25200,
  ""timezone"" : ""Asia/Bangkok"",
  ""timezone_abbreviation"" : ""GMT+7"",
  ""elevation"" : 9.0,
  ""daily_units"" : {
    ""time"" : ""iso8601"",
    ""temperature_2m_mean"" : ""°C"",
    ""temperature_2m_max"" : ""°C"",
    ""precipitation_sum"" : ""mm"",
    ""weather_code"" : ""wmo code""
  },
  ""daily"" : {
    ""time"" : [ ""2026-09-01"", ""2026-09-02"", ""2026-09-03"", ""2026-09-04"", ""2026-09-05"", ""2026-09-06"", ""2026-09-07"", ""2026-09-08"", ""2026-09-09"", ""2026-09-10"", ""2026-09-11"", ""2026-09-12"", ""2026-09-13"", ""2026-09-14"", ""2026-09-15"" ],
    ""temperature_2m_mean"" : [ 28.5, 29.0, 29.6, 29.1, 29.3, 29.2, 29.1, 29.6, 29.4, 28.7, 26.5, 26.7, 27.5, 27.5, 28.1 ],
    ""temperature_2m_max"" : [ 30.9, 31.2, 32.5, 32.4, 32.1, 31.0, 31.2, 31.5, 31.1, 32.1, 30.1, 30.3, 31.4, 31.0, 31.0 ],
    ""precipitation_sum"" : [ 2.60, 4.30, 0.90, 4.40, 0.50, 5.50, 2.80, 6.90, 3.10, 17.90, 13.90, 35.10, 10.30, 10.70, 12.70 ],
    ""weather_code"" : [ 53, 63, 51, 63, 51, 63, 55, 63, 55, 65, 63, 63, 61, 63, 63 ]
  }
}",27.5,31.4,10.3,61,"Available","Heavy Rain","Cool"
"S042","2026-09-14","B03","P004",8,10,"Croissant","Bakery",50,400,390,"Rayong",12.6814,101.2816,"https://archive-api.open-meteo.com/v1/archive?latitude=12.6814&longitude=101.2816&start_date=2026-09-01&end_date=2026-09-15&daily=temperature_2m_mean,temperature_2m_max,precipitation_sum,weather_code&timezone=Asia%2FBangkok",200,"application/json; charset=utf-8","{
  ""latitude"" : 12.688928,
  ""longitude"" : 101.25,
  ""generationtime_ms"" : 0.8095502853393555,
  ""utc_offset_seconds"" : 25200,
  ""timezone"" : ""Asia/Bangkok"",
  ""timezone_abbreviation"" : ""GMT+7"",
  ""elevation"" : 9.0,
  ""daily_units"" : {
    ""time"" : ""iso8601"",
    ""temperature_2m_mean"" : ""°C"",
    ""temperature_2m_max"" : ""°C"",
    ""precipitation_sum"" : ""mm"",
    ""weather_code"" : ""wmo code""
  },
  ""daily"" : {
    ""time"" : [ ""2026-09-01"", ""2026-09-02"", ""2026-09-03"", ""2026-09-04"", ""2026-09-05"", ""2026-09-06"", ""2026-09-07"", ""2026-09-08"", ""2026-09-09"", ""2026-09-10"", ""2026-09-11"", ""2026-09-12"", ""2026-09-13"", ""2026-09-14"", ""2026-09-15"" ],
    ""temperature_2m_mean"" : [ 28.5, 29.0, 29.6, 29.1, 29.3, 29.2, 29.1, 29.6, 29.4, 28.7, 26.5, 26.7, 27.5, 27.5, 28.1 ],
    ""temperature_2m_max"" : [ 30.9, 31.2, 32.5, 32.4, 32.1, 31.0, 31.2, 31.5, 31.1, 32.1, 30.1, 30.3, 31.4, 31.0, 31.0 ],
    ""precipitation_sum"" : [ 2.60, 4.30, 0.90, 4.40, 0.50, 5.50, 2.80, 6.90, 3.10, 17.90, 13.90, 35.10, 10.30, 10.70, 12.70 ],
    ""weather_code"" : [ 53, 63, 51, 63, 51, 63, 55, 63, 55, 65, 63, 63, 61, 63, 63 ]
  }
}",27.5,31,10.7,63,"Available","Heavy Rain","Cool"
"S045","2026-09-15","B03","P005",6,10,"Cake","Bakery",80,480,470,"Rayong",12.6814,101.2816,"https://archive-api.open-meteo.com/v1/archive?latitude=12.6814&longitude=101.2816&start_date=2026-09-01&end_date=2026-09-15&daily=temperature_2m_mean,temperature_2m_max,precipitation_sum,weather_code&timezone=Asia%2FBangkok",200,"application/json; charset=utf-8","{
  ""latitude"" : 12.688928,
  ""longitude"" : 101.25,
  ""generationtime_ms"" : 0.8095502853393555,
  ""utc_offset_seconds"" : 25200,
  ""timezone"" : ""Asia/Bangkok"",
  ""timezone_abbreviation"" : ""GMT+7"",
  ""elevation"" : 9.0,
  ""daily_units"" : {
    ""time"" : ""iso8601"",
    ""temperature_2m_mean"" : ""°C"",
    ""temperature_2m_max"" : ""°C"",
    ""precipitation_sum"" : ""mm"",
    ""weather_code"" : ""wmo code""
  },
  ""daily"" : {
    ""time"" : [ ""2026-09-01"", ""2026-09-02"", ""2026-09-03"", ""2026-09-04"", ""2026-09-05"", ""2026-09-06"", ""2026-09-07"", ""2026-09-08"", ""2026-09-09"", ""2026-09-10"", ""2026-09-11"", ""2026-09-12"", ""2026-09-13"", ""2026-09-14"", ""2026-09-15"" ],
    ""temperature_2m_mean"" : [ 28.5, 29.0, 29.6, 29.1, 29.3, 29.2, 29.1, 29.6, 29.4, 28.7, 26.5, 26.7, 27.5, 27.5, 28.1 ],
    ""temperature_2m_max"" : [ 30.9, 31.2, 32.5, 32.4, 32.1, 31.0, 31.2, 31.5, 31.1, 32.1, 30.1, 30.3, 31.4, 31.0, 31.0 ],
    ""precipitation_sum"" : [ 2.60, 4.30, 0.90, 4.40, 0.50, 5.50, 2.80, 6.90, 3.10, 17.90, 13.90, 35.10, 10.30, 10.70, 12.70 ],
    ""weather_code"" : [ 53, 63, 51, 63, 51, 63, 55, 63, 55, 65, 63, 63, 61, 63, 63 ]
  }
}",28.1,31,12.7,63,"Available","Heavy Rain","Normal"
