Sales_ID,Date,Branch_ID,Product_ID,Quantity,Discount_Amount
S001,1/9/2026,B01,P001,8,0
S002,1/9/2026,B02,P004,6,10
S003,1/9/2026,B03,P006,7,0
S004,2/9/2026,B01,P002,7,0
S005,2/9/2026,B02,P005,5,10
S006,2/9/2026,B03,P007,6,0
S007,3/9/2026,B01,P003,6,5
S008,3/9/2026,B02,P001,9,0
S009,3/9/2026,B03,P008,12,0
S010,4/9/2026,B01,P004,8,10
S011,4/9/2026,B02,P006,7,5
S012,4/9/2026,B03,P002,8,0
S013,5/9/2026,B01,P005,4,10
S014,5/9/2026,B02,P007,6,0
S015,5/9/2026,B03,P001,10,5
S015,5/9/2026,B03,P001,10,5
S016,6/9/2026,B01,P006,7,0
S017,6/9/2026,B02,P003,8,0
S018,6/9/2026,B03,P004,9,10
S019,7/9/2026,B01,P007,5,0
S020,7/9/2026,B02,P008,14,0
S021,7/9/2026,B03,P005,5,5
S022,8/9/2026,B01,P001,11,10
S023,8/9/2026,B02,P002,9,0
S024,8/9/2026,B03,P006,8,5
S025,9/9/2026,B01,P003,7,0
S026,9/9/2026,B02,P004,6,5
S027,9/9/2026,B03,P007,7,0
S028,10/9/2026,B01,P005,5,
S029,10/9/2026,B02,P001,10,5
S030,10/9/2026,B03,P008,15,0
S031,11/9/2026,B01,P006,8,10
S032,11/9/2026,B02,P002,7,0
S033,11/9/2026,B03,P003,6,0
S034,12/9/2026,B01,P004,7,5
S035,12/9/2026,B02,P005,5,10
S036,12/9/2026,B03,P007,0,0
S037,13/9/2026,B01,P001,9,0
S038,13/9/2026,B02,P006,8,5
S039,13/9/2026,B03,P002,9,0
S040,14/9/2026,B01,P007,7,0
S041,14/9/2026,B02,P003,6,0
S042,14/9/2026,B03,P004,8,10
S043,15/9/2026,B01,P008,13,0
S044,15/9/2026,B02,P999,4,0
S045,15/9/2026,B03,P005,6,10